experiment,case_id,speed_m_s,split_type,part_name,method,sensor_count,requested_sensor_count,mode_count,requested_mode_count,noise_level,noise_percent,repeat,sampling_rank,condition_number,runtime_ms,cp_rmse,cp_mae,cp_max_abs_error,cp_error_p95,cp_error_p99,cp_bias,cp_r2,cp_correlation,cp_area_weighted_relative_l2,cp_relative_l2_variance_normalized
baseline,suboff_0000_u-0p5_v-0p5_w-0p5,8.660254037844e-01,interpolation,all_surface,mean_field,0,0,0,0,0.000000000000e+00,0.000000000000e+00,0,0,,0.000000000000e+00,8.054833682062e-01,6.660386124648e-01,3.251450254059e+00,1.485550636732e+00,1.680920893457e+00,5.659449531722e-01,-1.139394710046e+00,1.168974643198e-01,1.168553005759e+00,1.467670377566e+00
baseline,suboff_0000_u-0p5_v-0p5_w0p5,8.660254037844e-01,interpolation,all_surface,mean_field,0,0,0,0,0.000000000000e+00,0.000000000000e+00,0,0,,0.000000000000e+00,1.030537180034e+00,8.460803891888e-01,4.348041577166e+00,1.940947163998e+00,2.308363861198e+00,7.056528377281e-01,-1.181295576790e+00,-6.559727719670e-02,1.157177275760e+00,1.490243114506e+00
baseline,suboff_0000_u-0p5_v-1_w-2,2.291287847478e+00,interpolation,all_surface,mean_field,0,0,0,0,0.000000000000e+00,0.000000000000e+00,0,0,,0.000000000000e+00,9.368163620424e-01,7.767817987424e-01,2.626265545606e+00,1.861577969600e+00,2.214231513781e+00,6.326749726124e-01,-5.234596372787e-01,4.239328569992e-01,1.017807791354e+00,1.237381841482e+00
baseline,suboff_0000_u-0p5_v0p5_w-0p5,8.660254037844e-01,interpolation,all_surface,mean_field,0,0,0,0,0.000000000000e+00,0.000000000000e+00,0,0,,0.000000000000e+00,1.013248533227e+00,8.156520520665e-01,4.464366600989e+00,1.933583014663e+00,2.277549552830e+00,6.719530769294e-01,-8.925580486200e-01,6.601825658675e-02,1.126339222178e+00,1.390338448009e+00
baseline,suboff_0000_u-0p5_v0p5_w0p5,8.660254037844e-01,interpolation,all_surface,mean_field,0,0,0,0,0.000000000000e+00,0.000000000000e+00,0,0,,0.000000000000e+00,9.461646225844e-01,7.775258223808e-01,4.345091740860e+00,1.801066051343e+00,2.089316858485e+00,6.263765697109e-01,-9.693138806354e-01,2.300009823666e-02,1.147580926349e+00,1.409414933672e+00
baseline,suboff_0000_u-0p5_v1_w2,2.291287847478e+00,interpolation,all_surface,mean_field,0,0,0,0,0.000000000000e+00,0.000000000000e+00,0,0,,0.000000000000e+00,9.430936574550e-01,7.968610127901e-01,2.824578479780e+00,1.839116827267e+00,2.190362457884e+00,6.217482044988e-01,-6.164254542537e-01,2.966897154016e-01,1.045432677253e+00,1.272294890550e+00
baseline,suboff_0000_u-1p5_v-1p5_w0,2.121320343560e+00,interpolation,all_surface,mean_field,0,0,0,0,0.000000000000e+00,0.000000000000e+00,0,0,,0.000000000000e+00,1.474087938271e+00,1.010021020246e+00,1.303559165657e+01,3.051667426147e+00,5.117312738353e+00,6.661951934652e-01,-3.444585345854e-01,-9.556676678116e-02,1.088704049677e+00,1.187537991559e+00
baseline,suboff_0000_u-1p5_v0_w-1p5,2.121320343560e+00,interpolation,all_surface,mean_field,0,0,0,0,0.000000000000e+00,0.000000000000e+00,0,0,,0.000000000000e+00,5.773646032832e-01,4.716140759360e-01,2.665570956933e+00,1.131910794377e+00,1.262218240825e+00,4.015260168744e-01,-8.737746721158e-01,3.085716353247e-01,1.163881219037e+00,1.378904550807e+00
baseline,suboff_0000_u-1p5_v0_w0,1.500000000000e+00,interpolation,all_surface,mean_field,0,0,0,0,0.000000000000e+00,0.000000000000e+00,0,0,,0.000000000000e+00,4.692087882239e+00,4.661061258133e+00,6.623092704555e+00,5.671486297893e+00,6.071272745008e+00,4.661061258133e+00,-1.139590535227e+02,-2.850376265556e-01,1.028166154307e+00,1.120658862975e+01
baseline,suboff_0000_u-1p5_v0_w1p5,2.121320343560e+00,interpolation,all_surface,mean_field,0,0,0,0,0.000000000000e+00,0.000000000000e+00,0,0,,0.000000000000e+00,2.473707545808e+00,1.567954314499e+00,2.541780062824e+01,5.470071959705e+00,8.627485552505e+00,1.304069650996e+00,-4.332469361225e-01,-9.598896444738e-02,1.051190883855e+00,1.218852236483e+00
baseline,suboff_0000_u-1p5_v1p5_w0,2.121320343560e+00,interpolation,all_surface,mean_field,0,0,0,0,0.000000000000e+00,0.000000000000e+00,0,0,,0.000000000000e+00,6.961985701263e+00,6.045591795217e+00,4.176904730790e+01,1.289104650271e+01,1.906195049829e+01,5.747125052465e+00,-2.167232257006e+00,-4.382263418627e-02,1.020996056937e+00,1.879660404168e+00
baseline,suboff_0000_u-1_v-2_w0p5,2.291287847478e+00,interpolation,all_surface,mean_field,0,0,0,0,0.000000000000e+00,0.000000000000e+00,0,0,,0.000000000000e+00,9.349768443080e-01,7.710340283328e-01,2.837627383638e+00,1.879719319998e+00,2.127590703638e+00,5.879123678452e-01,-7.154480199105e-01,9.373978658726e-02,1.075010317574e+00,1.316798220824e+00
baseline,suboff_0000_u-1_v2_w0p5,2.291287847478e+00,interpolation,all_surface,mean_field,0,0,0,0,0.000000000000e+00,0.000000000000e+00,0,0,,0.000000000000e+00,9.586127093075e-01,7.897405400193e-01,3.099967391988e+00,1.916565311837e+00,2.182562240144e+00,6.298292649107e-01,-7.957977554629e-01,1.202667926517e-01,1.071407084522e+00,1.346792376507e+00
baseline,suboff_0000_u-2p5_v0_w0,2.500000000000e+00,interpolation,all_surface,mean_field,0,0,0,0,0.000000000000e+00,0.000000000000e+00,0,0,,0.000000000000e+00,5.429986180782e+00,5.396764482185e+00,1.126712163538e+01,6.375388770503e+00,7.161313247040e+00,5.396764482185e+00,-9.933352845600e+01,-8.793611258499e-02,1.023302193615e+00,1.081885719042e+01
baseline,suboff_0000_u-2_v-1_w0p5,2.291287847478e+00,interpolation,all_surface,mean_field,0,0,0,0,0.000000000000e+00,0.000000000000e+00,0,0,,0.000000000000e+00,1.190108913442e+00,1.019585349713e+00,8.724003598355e+00,1.969069419640e+00,2.828219043972e+00,9.256600352486e-01,-1.797641961196e+00,-2.557214990003e-02,1.111807131786e+00,1.744153686904e+00
baseline,suboff_0000_u-2_v1_w0p5,2.291287847478e+00,interpolation,all_surface,mean_field,0,0,0,0,0.000000000000e+00,0.000000000000e+00,0,0,,0.000000000000e+00,6.908727477974e+00,6.371181393011e+00,2.530904032186e+01,1.040451633873e+01,1.375764449912e+01,6.310858091797e+00,-5.071922625487e+00,2.303201900345e-03,1.017418724375e+00,2.562263988436e+00
baseline,suboff_0000_u-3p5_v-1_w0,3.640054944640e+00,extrapolation,all_surface,mean_field,0,0,0,0,0.000000000000e+00,0.000000000000e+00,0,0,,0.000000000000e+00,8.826623090745e+00,8.818297305660e+00,9.734508078652e+00,9.369267348946e+00,9.560009231884e+00,8.818297305660e+00,-1.013329259797e+03,-2.082394306082e-01,1.014023417554e+00,3.238201849053e+01
baseline,suboff_0000_u-3p5_v0_w0,3.500000000000e+00,extrapolation,all_surface,mean_field,0,0,0,0,0.000000000000e+00,0.000000000000e+00,0,0,,0.000000000000e+00,1.686215422811e+00,1.515467154436e+00,4.275884146729e+00,2.778747851414e+00,3.157152237204e+00,1.512569745304e+00,-5.632975556667e+00,-2.911510973440e-01,1.095343418282e+00,2.635944361159e+00
baseline,suboff_0000_u0p5_v-0p5_w-0p5,8.660254037844e-01,interpolation,all_surface,mean_field,0,0,0,0,0.000000000000e+00,0.000000000000e+00,0,0,,0.000000000000e+00,2.864767891693e+00,2.646521454425e+00,6.351231024562e+00,4.299220256677e+00,5.392923181837e+00,-2.523087110394e+00,-2.786825403464e+00,5.500637328858e-01,9.398407582645e-01,1.991464247165e+00
baseline,suboff_0000_u0p5_v-0p5_w0p5,8.660254037844e-01,interpolation,all_surface,mean_field,0,0,0,0,0.000000000000e+00,0.000000000000e+00,0,0,,0.000000000000e+00,9.916528583152e-01,8.520239021593e-01,5.946137666247e+00,1.768592385866e+00,2.046203337608e+00,7.123402330722e-01,-1.054386862064e+00,1.787640137086e-01,1.118425018318e+00,1.455685034492e+00
baseline,suboff_0000_u0p5_v-1_w-2,2.291287847478e+00,interpolation,all_surface,mean_field,0,0,0,0,0.000000000000e+00,0.000000000000e+00,0,0,,0.000000000000e+00,7.933967651464e-01,6.195106768441e-01,2.932306852549e+00,1.546615366339e+00,1.751347606030e+00,-1.455168651246e-02,1.325356643121e-01,3.722814279771e-01,9.196196802116e-01,9.280319939091e-01
baseline,suboff_0000_u0p5_v0p5_w-0p5,8.660254037844e-01,interpolation,all_surface,mean_field,0,0,0,0,0.000000000000e+00,0.000000000000e+00,0,0,,0.000000000000e+00,1.846809234052e+00,1.629251344515e+00,6.407959849428e+00,3.047484980186e+00,4.123945050850e+00,-1.256561645494e+00,-5.699512701194e-01,5.701651595173e-01,9.074767308260e-01,1.271580033056e+00
baseline,suboff_0000_u0p5_v0p5_w0p5,8.660254037844e-01,interpolation,all_surface,mean_field,0,0,0,0,0.000000000000e+00,0.000000000000e+00,0,0,,0.000000000000e+00,9.943242231856e-01,8.547844140988e-01,5.482052942138e+00,1.776784803759e+00,2.054351944524e+00,7.229106664765e-01,-1.062080389514e+00,2.112387230270e-01,1.112797270303e+00,1.456151775563e+00
baseline,suboff_0000_u0p5_v1_w2,2.291287847478e+00,interpolation,all_surface,mean_field,0,0,0,0,0.000000000000e+00,0.000000000000e+00,0,0,,0.000000000000e+00,1.028023880017e+00,8.390425484201e-01,3.757988483369e+00,2.124165734846e+00,2.386613988065e+00,-6.574930232287e-01,-4.531030840309e-01,3.866582838376e-01,8.931114755848e-01,1.195627506942e+00
baseline,suboff_0000_u0_v-1p5_w-1p5,2.121320343560e+00,interpolation,all_surface,mean_field,0,0,0,0,0.000000000000e+00,0.000000000000e+00,0,0,,0.000000000000e+00,1.053800837874e+00,8.977572037955e-01,3.754522437115e+00,1.966103132434e+00,2.283268542761e+00,7.213680429881e-01,-6.656485771354e-01,3.432658215856e-01,1.060806910601e+00,1.293819573886e+00
baseline,suboff_0000_u0_v-1p5_w0,1.500000000000e+00,interpolation,all_surface,mean_field,0,0,0,0,0.000000000000e+00,0.000000000000e+00,0,0,,0.000000000000e+00,1.012081209537e+00,8.426159782467e-01,2.946490045616e+00,1.978495194849e+00,2.264184225680e+00,6.230876522794e-01,-5.459018911200e-01,2.091878040828e-01,1.042424494502e+00,1.246073771626e+00
baseline,suboff_0000_u0_v-1p5_w1p5,2.121320343560e+00,interpolation,all_surface,mean_field,0,0,0,0,0.000000000000e+00,0.000000000000e+00,0,0,,0.000000000000e+00,1.054889704058e+00,9.064866961726e-01,4.073687464551e+00,1.926821533827e+00,2.265676558970e+00,7.025280251269e-01,-8.151617143666e-01,1.338132401602e-01,1.100029558188e+00,1.349794610849e+00
baseline,suboff_0000_u0_v-2p5_w0,2.500000000000e+00,interpolation,all_surface,mean_field,0,0,0,0,0.000000000000e+00,0.000000000000e+00,0,0,,0.000000000000e+00,1.017296079596e+00,8.447048073057e-01,2.946871450091e+00,1.999092052658e+00,2.242859943961e+00,6.240587171687e-01,-5.424197276495e-01,2.050650185363e-01,1.042908870292e+00,1.245357844162e+00
baseline,suboff_0000_u0_v-3p5_w0,3.500000000000e+00,extrapolation,all_surface,mean_field,0,0,0,0,0.000000000000e+00,0.000000000000e+00,0,0,,0.000000000000e+00,1.033899897743e+00,8.545563422301e-01,2.946550814347e+00,2.039414042690e+00,2.263443576575e+00,6.336729866128e-01,-5.463932614767e-01,1.974778241839e-01,1.043418483179e+00,1.247090615678e+00
baseline,suboff_0000_u0_v0_w-1p5,1.500000000000e+00,interpolation,all_surface,mean_field,0,0,0,0,0.000000000000e+00,0.000000000000e+00,0,0,,0.000000000000e+00,9.205502523331e-01,7.684564338348e-01,2.381151629976e+00,1.737545915841e+00,1.941497294078e+00,6.294872023794e-01,-2.682377515215e-01,6.802652178257e-01,9.481664198050e-01,1.131421249487e+00
baseline,suboff_0000_u0_v0_w-2p5,2.500000000000e+00,interpolation,all_surface,mean_field,0,0,0,0,0.000000000000e+00,0.000000000000e+00,0,0,,0.000000000000e+00,9.336647498066e-01,7.745861876875e-01,2.392723854434e+00,1.782198346627e+00,1.975679320306e+00,6.359452223544e-01,-2.744519741770e-01,6.715788376816e-01,9.504167639055e-01,1.134436026446e+00
baseline,suboff_0000_u0_v0_w-3p5,3.500000000000e+00,extrapolation,all_surface,mean_field,0,0,0,0,0.000000000000e+00,0.000000000000e+00,0,0,,0.000000000000e+00,9.508641811904e-01,7.835603033646e-01,2.409830156500e+00,1.821126853281e+00,2.034098923649e+00,6.451423792306e-01,-2.755130365836e-01,6.696146463240e-01,9.511081635559e-01,1.135051800555e+00
baseline,suboff_0000_u0_v0_w1p5,1.500000000000e+00,interpolation,all_surface,mean_field,0,0,0,0,0.000000000000e+00,0.000000000000e+00,0,0,,0.000000000000e+00,9.635489626826e-01,8.277190945744e-01,2.629550761960e+00,1.775169013271e+00,1.969205187692e+00,6.613246182018e-01,-4.716424910763e-01,5.075272293890e-01,9.959265817610e-01,1.214408222404e+00
baseline,suboff_0000_u0_v0_w2p5,2.500000000000e+00,interpolation,all_surface,mean_field,0,0,0,0,0.000000000000e+00,0.000000000000e+00,0,0,,0.000000000000e+00,9.817112865221e-01,8.393211430015e-01,2.492459915214e+00,1.824625335089e+00,1.985142921470e+00,6.716328088438e-01,-4.693570631615e-01,5.061538152445e-01,9.952263478202e-01,1.213735146202e+00
baseline,suboff_0000_u0_v0_w3p5,3.500000000000e+00,extrapolation,all_surface,mean_field,0,0,0,0,0.000000000000e+00,0.000000000000e+00,0,0,,0.000000000000e+00,9.954004325558e-01,8.473093947575e-01,2.493739092307e+00,1.863414274842e+00,2.034402958913e+00,6.807684122171e-01,-4.624878285053e-01,5.145727429194e-01,9.930046262558e-01,1.211111545408e+00
baseline,suboff_0000_u0_v1p5_w-1p5,2.121320343560e+00,interpolation,all_surface,mean_field,0,0,0,0,0.000000000000e+00,0.000000000000e+00,0,0,,0.000000000000e+00,1.046242099397e+00,8.887557029884e-01,3.317781385990e+00,1.959851225684e+00,2.251202428284e+00,7.104192943790e-01,-6.528515764183e-01,3.333557540170e-01,1.061986402534e+00,1.292360155044e+00
baseline,suboff_0000_u0_v1p5_w0,1.500000000000e+00,interpolation,all_surface,mean_field,0,0,0,0,0.000000000000e+00,0.000000000000e+00,0,0,,0.000000000000e+00,1.008308395793e+00,8.354958291177e-01,2.604559180840e+00,1.992710894419e+00,2.253922702376e+00,6.211115791555e-01,-5.287388532185e-01,2.300315876866e-01,1.039176886155e+00,1.240920723942e+00
baseline,suboff_0000_u0_v1p5_w1p5,2.121320343560e+00,interpolation,all_surface,mean_field,0,0,0,0,0.000000000000e+00,0.000000000000e+00,0,0,,0.000000000000e+00,1.047741986697e+00,9.004035025485e-01,2.767482989067e+00,1.933457460863e+00,2.238934888611e+00,7.048933161169e-01,-7.970289431927e-01,1.779483992843e-01,1.092223389160e+00,1.339714964789e+00
baseline,suboff_0000_u0_v2p5_w0,2.500000000000e+00,interpolation,all_surface,mean_field,0,0,0,0,0.000000000000e+00,0.000000000000e+00,0,0,,0.000000000000e+00,1.009165102389e+00,8.325704860334e-01,2.634370371341e+00,2.002017876048e+00,2.216192220655e+00,6.178659186736e-01,-5.259774242938e-01,2.201307014093e-01,1.040947381945e+00,1.240331643203e+00
baseline,suboff_0000_u0_v3p5_w0,3.500000000000e+00,extrapolation,all_surface,mean_field,0,0,0,0,0.000000000000e+00,0.000000000000e+00,0,0,,0.000000000000e+00,1.038156070990e+00,8.520565754332e-01,2.686714645431e+00,2.071617798097e+00,2.319052586439e+00,6.380987310652e-01,-5.266188205978e-01,2.266262152527e-01,1.038114739823e+00,1.240704263152e+00
baseline,suboff_0000_u1p5_v-1p5_w0,2.121320343560e+00,interpolation,all_surface,mean_field,0,0,0,0,0.000000000000e+00,0.000000000000e+00,0,0,,0.000000000000e+00,2.304351026161e+00,2.150829992031e+00,7.860022304101e+00,3.777504805834e+00,4.241218762901e+00,2.150721899422e+00,-6.509583524736e+00,1.973814106373e-01,1.064259921221e+00,2.831952706823e+00
baseline,suboff_0000_u1p5_v0_w-1p5,2.121320343560e+00,interpolation,all_surface,mean_field,0,0,0,0,0.000000000000e+00,0.000000000000e+00,0,0,,0.000000000000e+00,4.760660702498e+00,4.371933561150e+00,1.233060755719e+01,8.064120058640e+00,8.691340281237e+00,4.366203311009e+00,-4.464465430999e+00,6.277709343948e-01,1.016020493820e+00,2.366225375363e+00
baseline,suboff_0000_u1p5_v0_w0,1.500000000000e+00,interpolation,all_surface,mean_field,0,0,0,0,0.000000000000e+00,0.000000000000e+00,0,0,,0.000000000000e+00,4.625138789150e+00,4.616426219389e+00,6.072119541349e+00,5.015315125169e+00,5.469931836122e+00,4.616426219389e+00,-6.074797594949e+02,1.518337773376e-03,1.027140003146e+00,2.713126332785e+01
baseline,suboff_0000_u1p5_v0_w1p5,2.121320343560e+00,interpolation,all_surface,mean_field,0,0,0,0,0.000000000000e+00,0.000000000000e+00,0,0,,0.000000000000e+00,7.422739491539e-01,6.308006526057e-01,6.745600471849e+00,1.234487618694e+00,1.546194693309e+00,5.328270921457e-01,-1.032188546320e+00,2.429518168613e-01,1.141466947074e+00,1.444058873554e+00
baseline,suboff_0000_u1p5_v1p5_w0,2.121320343560e+00,interpolation,all_surface,mean_field,0,0,0,0,0.000000000000e+00,0.000000000000e+00,0,0,,0.000000000000e+00,3.163411183227e+00,3.055007006309e+00,8.989456936742e+00,4.663574847143e+00,5.122112577647e+00,3.054993641617e+00,-1.315861417801e+01,2.224799044557e-01,1.047072173779e+00,3.900515311733e+00
baseline,suboff_0000_u1_v-2_w0p5,2.291287847478e+00,interpolation,all_surface,mean_field,0,0,0,0,0.000000000000e+00,0.000000000000e+00,0,0,,0.000000000000e+00,1.237236424567e+00,1.061834099187e+00,4.926505902273e+00,2.237914154155e+00,2.463710272871e+00,9.704646673488e-01,-1.577839534014e+00,1.570640052914e-01,1.061313190492e+00,1.616083968771e+00
baseline,suboff_0000_u1_v2_w0p5,2.291287847478e+00,interpolation,all_surface,mean_field,0,0,0,0,0.000000000000e+00,0.000000000000e+00,0,0,,0.000000000000e+00,1.500856474652e+00,1.321368405882e+00,4.782672252324e+00,2.568179836102e+00,2.795613643755e+00,1.291826131190e+00,-2.762375874807e+00,1.860720636607e-01,1.052964393590e+00,1.950937283398e+00
baseline,suboff_0000_u2p5_v0_w0,2.500000000000e+00,interpolation,all_surface,mean_field,0,0,0,0,0.000000000000e+00,0.000000000000e+00,0,0,,0.000000000000e+00,4.617558813753e+00,4.608577827508e+00,6.153780148801e+00,5.021190029413e+00,5.506573958876e+00,4.608577827508e+00,-5.052704284360e+02,5.413479247764e-02,1.027087487679e+00,2.432420423211e+01
baseline,suboff_0000_u2_v-1_w0p5,2.291287847478e+00,interpolation,all_surface,mean_field,0,0,0,0,0.000000000000e+00,0.000000000000e+00,0,0,,0.000000000000e+00,2.456800151823e+00,2.429107873591e+00,5.409244107454e+00,3.025279405509e+00,3.225833169098e+00,2.429060075255e+00,-6.754467371385e+01,-1.575255134820e-02,1.054876556748e+00,8.864056903340e+00
baseline,suboff_0000_u2_v1_w0p5,2.291287847478e+00,interpolation,all_surface,mean_field,0,0,0,0,0.000000000000e+00,0.000000000000e+00,0,0,,0.000000000000e+00,3.210082449272e+00,3.189116275572e+00,6.477272280229e+00,3.778307723013e+00,3.982404351335e+00,3.189113983431e+00,-1.137225255776e+02,8.790749754609e-03,1.040688442525e+00,1.155095046001e+01
baseline,suboff_0000_u3p5_v0_w0,3.500000000000e+00,extrapolation,all_surface,mean_field,0,0,0,0,0.000000000000e+00,0.000000000000e+00,0,0,,0.000000000000e+00,8.552852739061e-01,8.086694681342e-01,4.370808831613e+00,1.035302170376e+00,1.968749120699e+00,-8.035317903038e-01,-1.661427211460e+01,1.337838714316e-02,8.978031729839e-01,4.504182880320e+00
baseline,suboff_0000_u3p5_v1_w0,3.640054944640e+00,extrapolation,all_surface,mean_field,0,0,0,0,0.000000000000e+00,0.000000000000e+00,0,0,,0.000000000000e+00,1.366819758506e+00,1.333098040634e+00,4.455373653061e+00,1.681851937065e+00,2.331130089505e+00,-1.328108405347e+00,-2.028123010524e+01,2.290349700162e-01,9.240572632200e-01,5.147582684068e+00
