case_id,speed_m_s,split_type,part_name,method,sensor_count,mode_count,noise_level,noise_percent,repeat_count,cp_rmse_mean,cp_rmse_std,cp_rmse_ci95_lower,cp_rmse_ci95_upper,relative_l2_mean,relative_l2_ci95_lower,relative_l2_ci95_upper
suboff_0000_u-0p5_v-0p5_w-0p5,8.660254037844e-01,interpolation,all_surface,practical,126,70,1.000000000000e-03,1.000000000000e-01,100,1.524374331555e-01,2.347618181214e-04,1.519920977114e-01,1.529088424690e-01,2.143441339596e-01,2.137388697313e-01,2.150116828749e-01
suboff_0000_u-0p5_v-0p5_w-0p5,8.660254037844e-01,interpolation,all_surface,practical,126,70,5.000000000000e-03,5.000000000000e-01,100,1.526264885788e-01,1.014472975164e-03,1.508590757902e-01,1.545648778476e-01,2.146563716008e-01,2.120837825428e-01,2.175109316577e-01
suboff_0000_u-0p5_v-0p5_w-0p5,8.660254037844e-01,interpolation,all_surface,practical,126,70,1.000000000000e-02,1.000000000000e+00,100,1.526240318475e-01,1.915363717472e-03,1.489746007337e-01,1.561243447337e-01,2.146394695536e-01,2.094750180221e-01,2.199221861427e-01
suboff_0000_u-0p5_v-0p5_w-0p5,8.660254037844e-01,interpolation,all_surface,practical,126,70,2.000000000000e-02,2.000000000000e+00,100,1.542642910301e-01,4.430542094946e-03,1.468370616275e-01,1.631245563887e-01,2.169663906339e-01,2.064769931373e-01,2.294156056824e-01
suboff_0000_u-0p5_v-0p5_w-0p5,8.660254037844e-01,interpolation,all_surface,practical,126,70,5.000000000000e-02,5.000000000000e+00,100,1.623415075511e-01,1.096301042583e-02,1.430397109538e-01,1.856180223303e-01,2.287664696373e-01,2.019752074152e-01,2.607201056261e-01
suboff_0000_u-0p5_v-0p5_w0p5,8.660254037844e-01,interpolation,all_surface,practical,126,70,1.000000000000e-03,1.000000000000e-01,100,1.861256424670e-01,2.265507054744e-04,1.857054868414e-01,1.865214452500e-01,2.075649117008e-01,2.070946649192e-01,2.080251076676e-01
suboff_0000_u-0p5_v-0p5_w0p5,8.660254037844e-01,interpolation,all_surface,practical,126,70,5.000000000000e-03,5.000000000000e-01,100,1.859311167915e-01,1.022156571152e-03,1.839379866137e-01,1.878565101450e-01,2.073422623584e-01,2.051281633842e-01,2.095536406664e-01
suboff_0000_u-0p5_v-0p5_w0p5,8.660254037844e-01,interpolation,all_surface,practical,126,70,1.000000000000e-02,1.000000000000e+00,100,1.859812844161e-01,2.088588612845e-03,1.818881674092e-01,1.897081022617e-01,2.074065845098e-01,2.027617553536e-01,2.117601449396e-01
suboff_0000_u-0p5_v-0p5_w0p5,8.660254037844e-01,interpolation,all_surface,practical,126,70,2.000000000000e-02,2.000000000000e+00,100,1.875682384650e-01,4.710867321204e-03,1.781969344047e-01,1.969717655159e-01,2.092450415312e-01,1.984874563227e-01,2.196430195304e-01
suboff_0000_u-0p5_v-0p5_w0p5,8.660254037844e-01,interpolation,all_surface,practical,126,70,5.000000000000e-02,5.000000000000e+00,100,1.939941704649e-01,9.950763870545e-03,1.738012049586e-01,2.129440461249e-01,2.166037157859e-01,1.942680852966e-01,2.387731320845e-01
suboff_0000_u-0p5_v-1_w-2,2.291287847478e+00,interpolation,all_surface,practical,126,70,1.000000000000e-03,1.000000000000e-01,100,1.575653708039e-01,1.818162809190e-04,1.572921687121e-01,1.579731934166e-01,1.662658102460e-01,1.659809232139e-01,1.667230569817e-01
suboff_0000_u-0p5_v-1_w-2,2.291287847478e+00,interpolation,all_surface,practical,126,70,5.000000000000e-03,5.000000000000e-01,100,1.576419409695e-01,9.265802346714e-04,1.556929440588e-01,1.597186126076e-01,1.663418952459e-01,1.641898295966e-01,1.685193769834e-01
suboff_0000_u-0p5_v-1_w-2,2.291287847478e+00,interpolation,all_surface,practical,126,70,1.000000000000e-02,1.000000000000e+00,100,1.581344937103e-01,1.786725794114e-03,1.549923807138e-01,1.614565700595e-01,1.668894224670e-01,1.633852044496e-01,1.704409140870e-01
suboff_0000_u-0p5_v-1_w-2,2.291287847478e+00,interpolation,all_surface,practical,126,70,2.000000000000e-02,2.000000000000e+00,100,1.604920708067e-01,3.759645891815e-03,1.538361699255e-01,1.678282878985e-01,1.694140339182e-01,1.619517854076e-01,1.775011926249e-01
suboff_0000_u-0p5_v-1_w-2,2.291287847478e+00,interpolation,all_surface,practical,126,70,5.000000000000e-02,5.000000000000e+00,100,1.672196756188e-01,9.455946813514e-03,1.498407285061e-01,1.846953569269e-01,1.765259880049e-01,1.579371056144e-01,1.955883636232e-01
suboff_0000_u-0p5_v0p5_w-0p5,8.660254037844e-01,interpolation,all_surface,practical,126,70,1.000000000000e-03,1.000000000000e-01,100,2.444316357336e-01,1.972613420248e-04,2.440643076689e-01,2.447948434847e-01,2.668182394984e-01,2.663869883224e-01,2.672332231804e-01
suboff_0000_u-0p5_v0p5_w-0p5,8.660254037844e-01,interpolation,all_surface,practical,126,70,5.000000000000e-03,5.000000000000e-01,100,2.445492432394e-01,8.678714265367e-04,2.431363109637e-01,2.462765225241e-01,2.669536911786e-01,2.652301814037e-01,2.690646718504e-01
suboff_0000_u-0p5_v0p5_w-0p5,8.660254037844e-01,interpolation,all_surface,practical,126,70,1.000000000000e-02,1.000000000000e+00,100,2.446127393744e-01,1.875946937077e-03,2.411446369059e-01,2.488378343271e-01,2.670116087261e-01,2.628785852837e-01,2.718942098435e-01
suboff_0000_u-0p5_v0p5_w-0p5,8.660254037844e-01,interpolation,all_surface,practical,126,70,2.000000000000e-02,2.000000000000e+00,100,2.454139494504e-01,3.680798017855e-03,2.379927218954e-01,2.522900261144e-01,2.679683645435e-01,2.594935179995e-01,2.755649863884e-01
suboff_0000_u-0p5_v0p5_w-0p5,8.660254037844e-01,interpolation,all_surface,practical,126,70,5.000000000000e-02,5.000000000000e+00,100,2.513452950705e-01,9.350610032401e-03,2.335238756374e-01,2.692903151501e-01,2.747108308174e-01,2.539297990289e-01,2.956138229687e-01
suboff_0000_u-0p5_v0p5_w0p5,8.660254037844e-01,interpolation,all_surface,practical,126,70,1.000000000000e-03,1.000000000000e-01,100,2.493634168770e-01,3.846456722420e-04,2.487353929080e-01,2.499922185994e-01,3.020026367662e-01,3.012099121978e-01,3.028133694589e-01
suboff_0000_u-0p5_v0p5_w0p5,8.660254037844e-01,interpolation,all_surface,practical,126,70,5.000000000000e-03,5.000000000000e-01,100,2.495084164074e-01,1.602347899100e-03,2.464052983798e-01,2.521561567147e-01,3.021617444186e-01,2.982997457390e-01,3.056068500072e-01
suboff_0000_u-0p5_v0p5_w0p5,8.660254037844e-01,interpolation,all_surface,practical,126,70,1.000000000000e-02,1.000000000000e+00,100,2.488135352332e-01,3.628127552851e-03,2.424725241795e-01,2.561020140799e-01,3.013075074540e-01,2.935159630682e-01,3.105479929964e-01
suboff_0000_u-0p5_v0p5_w0p5,8.660254037844e-01,interpolation,all_surface,practical,126,70,2.000000000000e-02,2.000000000000e+00,100,2.505260420693e-01,6.890231214045e-03,2.385384924458e-01,2.622636328531e-01,3.034317408758e-01,2.886094401820e-01,3.179247875661e-01
suboff_0000_u-0p5_v0p5_w0p5,8.660254037844e-01,interpolation,all_surface,practical,126,70,5.000000000000e-02,5.000000000000e+00,100,2.551819987381e-01,1.867320972093e-02,2.196523256151e-01,2.892932641764e-01,3.089292318809e-01,2.644226836690e-01,3.519205667321e-01
suboff_0000_u-0p5_v1_w2,2.291287847478e+00,interpolation,all_surface,practical,126,70,1.000000000000e-03,1.000000000000e-01,100,1.381896321918e-01,1.988996920262e-04,1.378230105499e-01,1.385326323851e-01,1.486503707890e-01,1.482422828252e-01,1.490391814780e-01
suboff_0000_u-0p5_v1_w2,2.291287847478e+00,interpolation,all_surface,practical,126,70,5.000000000000e-03,5.000000000000e-01,100,1.383870342963e-01,8.482636891239e-04,1.365901533423e-01,1.398263853136e-01,1.488671191762e-01,1.469180905473e-01,1.504703692233e-01
suboff_0000_u-0p5_v1_w2,2.291287847478e+00,interpolation,all_surface,practical,126,70,1.000000000000e-02,1.000000000000e+00,100,1.387449101975e-01,1.674206212817e-03,1.353024023508e-01,1.418802534456e-01,1.492483529721e-01,1.454919021468e-01,1.526998512565e-01
suboff_0000_u-0p5_v1_w2,2.291287847478e+00,interpolation,all_surface,practical,126,70,2.000000000000e-02,2.000000000000e+00,100,1.404873909162e-01,3.517878230226e-03,1.338137665324e-01,1.472818172531e-01,1.511388148389e-01,1.438822989802e-01,1.584371347435e-01
suboff_0000_u-0p5_v1_w2,2.291287847478e+00,interpolation,all_surface,practical,126,70,5.000000000000e-02,5.000000000000e+00,100,1.500614367278e-01,8.600160147616e-03,1.357715083299e-01,1.714183720309e-01,1.614268133111e-01,1.455921312287e-01,1.859643462903e-01
suboff_0000_u-1_v-2_w0p5,2.291287847478e+00,interpolation,all_surface,practical,126,70,1.000000000000e-03,1.000000000000e-01,100,2.568642587837e-01,3.374585845444e-04,2.562357769537e-01,2.574473835723e-01,2.849621166526e-01,2.842722058619e-01,2.855942581274e-01
suboff_0000_u-1_v-2_w0p5,2.291287847478e+00,interpolation,all_surface,practical,126,70,5.000000000000e-03,5.000000000000e-01,100,2.569614707745e-01,1.628626228907e-03,2.542925534277e-01,2.603411721684e-01,2.850620142691e-01,2.820627131168e-01,2.888121879437e-01
suboff_0000_u-1_v-2_w0p5,2.291287847478e+00,interpolation,all_surface,practical,126,70,1.000000000000e-02,1.000000000000e+00,100,2.574909642669e-01,3.461997350159e-03,2.515007010618e-01,2.645537875582e-01,2.856830625344e-01,2.791760788109e-01,2.937073434545e-01
suboff_0000_u-1_v-2_w0p5,2.291287847478e+00,interpolation,all_surface,practical,126,70,2.000000000000e-02,2.000000000000e+00,100,2.587038987619e-01,6.793665943347e-03,2.462379193814e-01,2.727784938853e-01,2.870309624424e-01,2.734086062274e-01,3.027017685552e-01
suboff_0000_u-1_v-2_w0p5,2.291287847478e+00,interpolation,all_surface,practical,126,70,5.000000000000e-02,5.000000000000e+00,100,2.628314281660e-01,1.749225722890e-02,2.301950287123e-01,2.976664114148e-01,2.916816191846e-01,2.552903772870e-01,3.303115787991e-01
suboff_0000_u-1_v2_w0p5,2.291287847478e+00,interpolation,all_surface,practical,126,70,1.000000000000e-03,1.000000000000e-01,100,2.501370791312e-01,3.746759724339e-04,2.494649364584e-01,2.509626076872e-01,2.738114386153e-01,2.730454823576e-01,2.747404338555e-01
suboff_0000_u-1_v2_w0p5,2.291287847478e+00,interpolation,all_surface,practical,126,70,5.000000000000e-03,5.000000000000e-01,100,2.499409842613e-01,1.768323644670e-03,2.467487807302e-01,2.538932634787e-01,2.735988550744e-01,2.700266789522e-01,2.779480777469e-01
suboff_0000_u-1_v2_w0p5,2.291287847478e+00,interpolation,all_surface,practical,126,70,1.000000000000e-02,1.000000000000e+00,100,2.501761214897e-01,3.698087717143e-03,2.429057271874e-01,2.567715314563e-01,2.738532738379e-01,2.660030418746e-01,2.811599409431e-01
suboff_0000_u-1_v2_w0p5,2.291287847478e+00,interpolation,all_surface,practical,126,70,2.000000000000e-02,2.000000000000e+00,100,2.524115270675e-01,7.312539205419e-03,2.385857470973e-01,2.656793627075e-01,2.763085998104e-01,2.613354620838e-01,2.913074436203e-01
suboff_0000_u-1_v2_w0p5,2.291287847478e+00,interpolation,all_surface,practical,126,70,5.000000000000e-02,5.000000000000e+00,100,2.540365370634e-01,1.772377947791e-02,2.230120151767e-01,2.884275689666e-01,2.780059877309e-01,2.431915433628e-01,3.173433565455e-01
suboff_0000_u-1p5_v-1p5_w0,2.121320343560e+00,interpolation,all_surface,practical,126,70,1.000000000000e-03,1.000000000000e-01,100,8.628791132380e-01,2.315027481740e-04,8.623798005561e-01,8.632901799352e-01,6.609231333523e-01,6.605182813794e-01,6.612612656586e-01
suboff_0000_u-1p5_v-1p5_w0,2.121320343560e+00,interpolation,all_surface,practical,126,70,5.000000000000e-03,5.000000000000e-01,100,8.627962840016e-01,1.163322584125e-03,8.606744611320e-01,8.649976468007e-01,6.608462642984e-01,6.590670200429e-01,6.626355926378e-01
suboff_0000_u-1p5_v-1p5_w0,2.121320343560e+00,interpolation,all_surface,practical,126,70,1.000000000000e-02,1.000000000000e+00,100,8.628136440634e-01,2.257548858111e-03,8.588011878494e-01,8.670721195347e-01,6.608736448139e-01,6.576112422327e-01,6.641473835403e-01
suboff_0000_u-1p5_v-1p5_w0,2.121320343560e+00,interpolation,all_surface,practical,126,70,2.000000000000e-02,2.000000000000e+00,100,8.624770357808e-01,5.086308384515e-03,8.519793191267e-01,8.719138420749e-01,6.606152908462e-01,6.523864184585e-01,6.682728960995e-01
suboff_0000_u-1p5_v-1p5_w0,2.121320343560e+00,interpolation,all_surface,practical,126,70,5.000000000000e-02,5.000000000000e+00,100,8.643834193905e-01,1.219207462988e-02,8.433936090913e-01,8.885960831247e-01,6.621879984205e-01,6.447420380293e-01,6.815322710471e-01
suboff_0000_u-1p5_v0_w-1p5,2.121320343560e+00,interpolation,all_surface,practical,126,70,1.000000000000e-03,1.000000000000e-01,100,2.665219364849e-01,3.606400688929e-04,2.658318491936e-01,2.671771654599e-01,5.438478064526e-01,5.424170334598e-01,5.452273912169e-01
suboff_0000_u-1p5_v0_w-1p5,2.121320343560e+00,interpolation,all_surface,practical,126,70,5.000000000000e-03,5.000000000000e-01,100,2.665816546076e-01,1.677027493438e-03,2.634756164591e-01,2.698547208049e-01,5.439393248151e-01,5.375077719247e-01,5.509722401256e-01
suboff_0000_u-1p5_v0_w-1p5,2.121320343560e+00,interpolation,all_surface,practical,126,70,1.000000000000e-02,1.000000000000e+00,100,2.669521672946e-01,3.451151358740e-03,2.591090823251e-01,2.739476834434e-01,5.447428640995e-01,5.284636738315e-01,5.593443764585e-01
suboff_0000_u-1p5_v0_w-1p5,2.121320343560e+00,interpolation,all_surface,practical,126,70,2.000000000000e-02,2.000000000000e+00,100,2.685837274898e-01,7.417645468177e-03,2.559320146622e-01,2.814208203026e-01,5.480229186376e-01,5.215376034909e-01,5.748269894081e-01
suboff_0000_u-1p5_v0_w-1p5,2.121320343560e+00,interpolation,all_surface,practical,126,70,5.000000000000e-02,5.000000000000e+00,100,2.719746164141e-01,1.519779901185e-02,2.415172243675e-01,3.026807410318e-01,5.547409199801e-01,4.895109213919e-01,6.177451595728e-01
suboff_0000_u-1p5_v0_w0,1.500000000000e+00,interpolation,all_surface,practical,126,70,1.000000000000e-03,1.000000000000e-01,100,3.069423934494e-01,2.544875452098e-04,3.065108193865e-01,3.074722461142e-01,6.599095779130e-02,6.589700600074e-02,6.610767971957e-02
suboff_0000_u-1p5_v0_w0,1.500000000000e+00,interpolation,all_surface,practical,126,70,5.000000000000e-03,5.000000000000e-01,100,3.072462865780e-01,1.390767543743e-03,3.050264087608e-01,3.100516262633e-01,6.605876226718e-02,6.557326664799e-02,6.669168631953e-02
suboff_0000_u-1p5_v0_w0,1.500000000000e+00,interpolation,all_surface,practical,126,70,1.000000000000e-02,1.000000000000e+00,100,3.070526720945e-01,2.482291645333e-03,3.020529477402e-01,3.114268413535e-01,6.601535691212e-02,6.487781480393e-02,6.698548366301e-02
suboff_0000_u-1p5_v0_w0,1.500000000000e+00,interpolation,all_surface,practical,126,70,2.000000000000e-02,2.000000000000e+00,100,3.070959559692e-01,5.424161259600e-03,2.964170428947e-01,3.159276268011e-01,6.601934721553e-02,6.357930024781e-02,6.789667403855e-02
suboff_0000_u-1p5_v0_w0,1.500000000000e+00,interpolation,all_surface,practical,126,70,5.000000000000e-02,5.000000000000e+00,100,3.132014435273e-01,1.509247545822e-02,2.877833815715e-01,3.439091383548e-01,6.734655193622e-02,6.169891434112e-02,7.397755997977e-02
suboff_0000_u-1p5_v0_w1p5,2.121320343560e+00,interpolation,all_surface,practical,126,70,1.000000000000e-03,1.000000000000e-01,100,1.420317626109e+00,2.456652712250e-04,1.419899498667e+00,1.420845068369e+00,6.279179829476e-01,6.277218895411e-01,6.281517412523e-01
suboff_0000_u-1p5_v0_w1p5,2.121320343560e+00,interpolation,all_surface,practical,126,70,5.000000000000e-03,5.000000000000e-01,100,1.420350049897e+00,1.315587748695e-03,1.417916585285e+00,1.422623297257e+00,6.279388878789e-01,6.268142768186e-01,6.290822806260e-01
suboff_0000_u-1p5_v0_w1p5,2.121320343560e+00,interpolation,all_surface,practical,126,70,1.000000000000e-02,1.000000000000e+00,100,1.420848424635e+00,2.225891585959e-03,1.417052665413e+00,1.425545426011e+00,6.281640115221e-01,6.263260711106e-01,6.303894588574e-01
suboff_0000_u-1p5_v0_w1p5,2.121320343560e+00,interpolation,all_surface,practical,126,70,2.000000000000e-02,2.000000000000e+00,100,1.420566173618e+00,4.848461291361e-03,1.411020543358e+00,1.429523258568e+00,6.280098547686e-01,6.237133352085e-01,6.319746022011e-01
suboff_0000_u-1p5_v0_w1p5,2.121320343560e+00,interpolation,all_surface,practical,126,70,5.000000000000e-02,5.000000000000e+00,100,1.421174925309e+00,1.192716110264e-02,1.401318949796e+00,1.441845678406e+00,6.282862265338e-01,6.193758408130e-01,6.386990350805e-01
suboff_0000_u-1p5_v1p5_w0,2.121320343560e+00,interpolation,all_surface,practical,126,70,1.000000000000e-03,1.000000000000e-01,100,1.229756332159e+00,1.739999795844e-04,1.229476805375e+00,1.230061193447e+00,1.801585991870e-01,1.801125340672e-01,1.802087060039e-01
suboff_0000_u-1p5_v1p5_w0,2.121320343560e+00,interpolation,all_surface,practical,126,70,5.000000000000e-03,5.000000000000e-01,100,1.229837622108e+00,8.070059660369e-04,1.228336326337e+00,1.231367300716e+00,1.801702835542e-01,1.799369280271e-01,1.804093941015e-01
suboff_0000_u-1p5_v1p5_w0,2.121320343560e+00,interpolation,all_surface,practical,126,70,1.000000000000e-02,1.000000000000e+00,100,1.229243968239e+00,1.640689172695e-03,1.226641989861e+00,1.232435942514e+00,1.800782949222e-01,1.796810270996e-01,1.806106224491e-01
suboff_0000_u-1p5_v1p5_w0,2.121320343560e+00,interpolation,all_surface,practical,126,70,2.000000000000e-02,2.000000000000e+00,100,1.229725865588e+00,3.819597075739e-03,1.221814780483e+00,1.236993955959e+00,1.801547365404e-01,1.789508050265e-01,1.813300984099e-01
suboff_0000_u-1p5_v1p5_w0,2.121320343560e+00,interpolation,all_surface,practical,126,70,5.000000000000e-02,5.000000000000e+00,100,1.230318141321e+00,7.683267664646e-03,1.214160458867e+00,1.243823674833e+00,1.802708021257e-01,1.777903692152e-01,1.824447669549e-01
suboff_0000_u-2_v-1_w0p5,2.291287847478e+00,interpolation,all_surface,practical,126,70,1.000000000000e-03,1.000000000000e-01,100,4.383374662259e-01,2.526416202510e-04,4.378820263186e-01,4.388027223927e-01,4.045605770293e-01,4.041058493547e-01,4.050188654528e-01
suboff_0000_u-2_v-1_w0p5,2.291287847478e+00,interpolation,all_surface,practical,126,70,5.000000000000e-03,5.000000000000e-01,100,4.382390409887e-01,1.471239541727e-03,4.353157795083e-01,4.409821132728e-01,4.044689274871e-01,4.015708418982e-01,4.072028768624e-01
suboff_0000_u-2_v-1_w0p5,2.291287847478e+00,interpolation,all_surface,practical,126,70,1.000000000000e-02,1.000000000000e+00,100,4.384165100666e-01,2.467950273169e-03,4.332170413444e-01,4.428029100228e-01,4.046446435812e-01,3.997484379628e-01,4.087140309800e-01
suboff_0000_u-2_v-1_w0p5,2.291287847478e+00,interpolation,all_surface,practical,126,70,2.000000000000e-02,2.000000000000e+00,100,4.388852481794e-01,4.739928798773e-03,4.301539624405e-01,4.475192471546e-01,4.049750011481e-01,3.966129420275e-01,4.135413510250e-01
suboff_0000_u-2_v-1_w0p5,2.291287847478e+00,interpolation,all_surface,practical,126,70,5.000000000000e-02,5.000000000000e+00,100,4.416184786190e-01,1.250286010271e-02,4.192004290604e-01,4.630302988836e-01,4.075489192284e-01,3.857304873200e-01,4.290601293259e-01
suboff_0000_u-2_v1_w0p5,2.291287847478e+00,interpolation,all_surface,practical,126,70,1.000000000000e-03,1.000000000000e-01,100,1.326109279047e+00,2.155600771413e-04,1.325672493395e+00,1.326494487458e+00,1.921877707928e-01,1.921208100025e-01,1.922471361777e-01
suboff_0000_u-2_v1_w0p5,2.291287847478e+00,interpolation,all_surface,practical,126,70,5.000000000000e-03,5.000000000000e-01,100,1.326064464613e+00,1.156449386844e-03,1.323814408999e+00,1.328359147624e+00,1.921823793082e-01,1.918290746633e-01,1.925330714401e-01
suboff_0000_u-2_v1_w0p5,2.291287847478e+00,interpolation,all_surface,practical,126,70,1.000000000000e-02,1.000000000000e+00,100,1.325958375439e+00,2.350830639833e-03,1.320672042591e+00,1.330309227888e+00,1.921656062729e-01,1.913929850536e-01,1.928320816218e-01
suboff_0000_u-2_v1_w0p5,2.291287847478e+00,interpolation,all_surface,practical,126,70,2.000000000000e-02,2.000000000000e+00,100,1.326806177610e+00,4.028256144898e-03,1.319911849365e+00,1.336887587643e+00,1.922962177019e-01,1.913047560832e-01,1.937960360083e-01
suboff_0000_u-2_v1_w0p5,2.291287847478e+00,interpolation,all_surface,practical,126,70,5.000000000000e-02,5.000000000000e+00,100,1.326955907223e+00,1.016124162088e-02,1.307533535254e+00,1.350119292146e+00,1.923224278142e-01,1.893371357903e-01,1.958891971423e-01
suboff_0000_u-2p5_v0_w0,2.500000000000e+00,interpolation,all_surface,practical,126,70,1.000000000000e-03,1.000000000000e-01,100,5.690981748105e-01,2.891342901747e-04,5.684520018690e-01,5.696260641638e-01,1.063679257866e-01,1.062443907739e-01,1.064681170024e-01
suboff_0000_u-2p5_v0_w0,2.500000000000e+00,interpolation,all_surface,practical,126,70,5.000000000000e-03,5.000000000000e-01,100,5.690570299077e-01,1.407030845319e-03,5.667440704688e-01,5.717189993168e-01,1.063592307633e-01,1.059136537412e-01,1.068506130377e-01
suboff_0000_u-2p5_v0_w0,2.500000000000e+00,interpolation,all_surface,practical,126,70,1.000000000000e-02,1.000000000000e+00,100,5.690828518169e-01,3.321369245359e-03,5.632706746672e-01,5.757605663074e-01,1.063652257555e-01,1.052232050933e-01,1.076136310605e-01
suboff_0000_u-2p5_v0_w0,2.500000000000e+00,interpolation,all_surface,practical,126,70,2.000000000000e-02,2.000000000000e+00,100,5.706560510114e-01,6.143096086553e-03,5.586814891509e-01,5.826047907223e-01,1.066652192872e-01,1.043621850391e-01,1.089533392817e-01
suboff_0000_u-2p5_v0_w0,2.500000000000e+00,interpolation,all_surface,practical,126,70,5.000000000000e-02,5.000000000000e+00,100,5.735636505270e-01,1.378184810500e-02,5.474327360876e-01,5.995634450755e-01,1.071729189924e-01,1.021728438055e-01,1.121051996591e-01
suboff_0000_u-3p5_v-1_w0,3.640054944640e+00,extrapolation,all_surface,practical,126,70,1.000000000000e-03,1.000000000000e-01,100,4.117906298373e-01,2.838176296708e-04,4.112311128116e-01,4.122324994590e-01,4.590733154487e-02,4.584245540328e-02,4.595821719357e-02
suboff_0000_u-3p5_v-1_w0,3.640054944640e+00,extrapolation,all_surface,practical,126,70,5.000000000000e-03,5.000000000000e-01,100,4.118738025667e-01,1.319990529484e-03,4.094176613529e-01,4.144736797912e-01,4.591584768481e-02,4.563256754849e-02,4.620695312084e-02
suboff_0000_u-3p5_v-1_w0,3.640054944640e+00,extrapolation,all_surface,practical,126,70,1.000000000000e-02,1.000000000000e+00,100,4.115885423016e-01,2.953134346817e-03,4.061432807140e-01,4.172074275718e-01,4.588289247099e-02,4.520948746802e-02,4.651908464419e-02
suboff_0000_u-3p5_v-1_w0,3.640054944640e+00,extrapolation,all_surface,practical,126,70,2.000000000000e-02,2.000000000000e+00,100,4.121617823156e-01,5.538544960886e-03,4.008009713981e-01,4.236278429140e-01,4.595861596407e-02,4.469776397504e-02,4.723156727546e-02
suboff_0000_u-3p5_v-1_w0,3.640054944640e+00,extrapolation,all_surface,practical,126,70,5.000000000000e-02,5.000000000000e+00,100,4.179202262558e-01,1.555659040397e-02,3.865597484702e-01,4.508629111072e-01,4.659956863982e-02,4.309615828041e-02,5.031912841920e-02
suboff_0000_u-3p5_v0_w0,3.500000000000e+00,extrapolation,all_surface,practical,126,70,1.000000000000e-03,1.000000000000e-01,100,4.312592579744e-01,3.470880761944e-04,4.305634455533e-01,4.319514352376e-01,2.777306458560e-01,2.772695624297e-01,2.782049823254e-01
suboff_0000_u-3p5_v0_w0,3.500000000000e+00,extrapolation,all_surface,practical,126,70,5.000000000000e-03,5.000000000000e-01,100,4.312822832735e-01,1.873199307969e-03,4.277596280129e-01,4.343242992895e-01,2.777360291464e-01,2.754007048112e-01,2.798051883025e-01
suboff_0000_u-3p5_v0_w0,3.500000000000e+00,extrapolation,all_surface,practical,126,70,1.000000000000e-02,1.000000000000e+00,100,4.315515533120e-01,3.989318036237e-03,4.246104334940e-01,4.385822703691e-01,2.779068138897e-01,2.732684596730e-01,2.826216132829e-01
suboff_0000_u-3p5_v0_w0,3.500000000000e+00,extrapolation,all_surface,practical,126,70,2.000000000000e-02,2.000000000000e+00,100,4.307486799170e-01,6.789119136733e-03,4.177847253765e-01,4.428982919756e-01,2.774317412725e-01,2.692846333580e-01,2.853445115366e-01
suboff_0000_u-3p5_v0_w0,3.500000000000e+00,extrapolation,all_surface,practical,126,70,5.000000000000e-02,5.000000000000e+00,100,4.376835958355e-01,1.829562157391e-02,3.981062122202e-01,4.723858379122e-01,2.819221044848e-01,2.561555437781e-01,3.055660129604e-01
suboff_0000_u0_v-1p5_w-1p5,2.121320343560e+00,interpolation,all_surface,practical,126,70,1.000000000000e-03,1.000000000000e-01,100,3.118966701337e-01,2.690793541234e-04,3.113344273586e-01,3.123562366503e-01,3.019181663563e-01,3.013681269650e-01,3.023659778267e-01
suboff_0000_u0_v-1p5_w-1p5,2.121320343560e+00,interpolation,all_surface,practical,126,70,5.000000000000e-03,5.000000000000e-01,100,3.120539879715e-01,1.266729834505e-03,3.097493633330e-01,3.146529172618e-01,3.020808292964e-01,2.997026887646e-01,3.046555827782e-01
suboff_0000_u0_v-1p5_w-1p5,2.121320343560e+00,interpolation,all_surface,practical,126,70,1.000000000000e-02,1.000000000000e+00,100,3.126075342870e-01,2.361348511571e-03,3.077299343970e-01,3.171807624843e-01,3.026240023908e-01,2.977544745967e-01,3.070874860589e-01
suboff_0000_u0_v-1p5_w-1p5,2.121320343560e+00,interpolation,all_surface,practical,126,70,2.000000000000e-02,2.000000000000e+00,100,3.124095304596e-01,5.344497145157e-03,3.024070644668e-01,3.237506568817e-01,3.024497771540e-01,2.926233855795e-01,3.135301618110e-01
suboff_0000_u0_v-1p5_w-1p5,2.121320343560e+00,interpolation,all_surface,practical,126,70,5.000000000000e-02,5.000000000000e+00,100,3.176049556694e-01,1.268835315036e-02,2.911212147452e-01,3.498723797627e-01,3.077129267805e-01,2.808597989717e-01,3.394136892314e-01
suboff_0000_u0_v-1p5_w0,1.500000000000e+00,interpolation,all_surface,practical,126,70,1.000000000000e-03,1.000000000000e-01,100,6.195762527253e-02,1.946920098901e-04,6.159031192773e-02,6.238614097161e-02,6.182817639753e-02,6.145245564595e-02,6.226073644473e-02
suboff_0000_u0_v-1p5_w0,1.500000000000e+00,interpolation,all_surface,practical,126,70,5.000000000000e-03,5.000000000000e-01,100,6.218168955434e-02,9.041126278858e-04,6.040657710147e-02,6.380401546407e-02,6.206190098963e-02,6.027018342692e-02,6.371714874372e-02
suboff_0000_u0_v-1p5_w0,1.500000000000e+00,interpolation,all_surface,practical,126,70,1.000000000000e-02,1.000000000000e+00,100,6.343751921291e-02,2.365446665997e-03,5.927657598634e-02,6.779015051423e-02,6.331582677310e-02,5.913979417046e-02,6.759912576502e-02
suboff_0000_u0_v-1p5_w0,1.500000000000e+00,interpolation,all_surface,practical,126,70,2.000000000000e-02,2.000000000000e+00,100,6.610322780369e-02,4.068250407394e-03,5.852903063939e-02,7.441751333956e-02,6.604272484909e-02,5.843044926984e-02,7.466550031247e-02
suboff_0000_u0_v-1p5_w0,1.500000000000e+00,interpolation,all_surface,practical,126,70,5.000000000000e-02,5.000000000000e+00,100,8.566517334165e-02,1.043379696799e-02,6.933940973021e-02,1.059369994412e-01,8.589593564554e-02,6.820582091279e-02,1.066712181491e-01
suboff_0000_u0_v-1p5_w1p5,2.121320343560e+00,interpolation,all_surface,practical,126,70,1.000000000000e-03,1.000000000000e-01,100,2.722803688846e-01,3.166743552347e-04,2.716677901442e-01,2.728645611167e-01,2.787999408600e-01,2.781862132799e-01,2.794020064030e-01
suboff_0000_u0_v-1p5_w1p5,2.121320343560e+00,interpolation,all_surface,practical,126,70,5.000000000000e-03,5.000000000000e-01,100,2.724949083839e-01,1.585187488914e-03,2.694852639084e-01,2.755277158402e-01,2.790372540156e-01,2.758894702868e-01,2.822739672695e-01
suboff_0000_u0_v-1p5_w1p5,2.121320343560e+00,interpolation,all_surface,practical,126,70,1.000000000000e-02,1.000000000000e+00,100,2.724707547279e-01,3.186062495253e-03,2.665160750777e-01,2.778395531275e-01,2.790045810420e-01,2.729541678358e-01,2.847230678767e-01
suboff_0000_u0_v-1p5_w1p5,2.121320343560e+00,interpolation,all_surface,practical,126,70,2.000000000000e-02,2.000000000000e+00,100,2.733979041611e-01,6.235241190759e-03,2.603580187250e-01,2.843725122484e-01,2.799095286278e-01,2.665931096736e-01,2.915949230613e-01
suboff_0000_u0_v-1p5_w1p5,2.121320343560e+00,interpolation,all_surface,practical,126,70,5.000000000000e-02,5.000000000000e+00,100,2.766527747860e-01,1.804657919668e-02,2.472847106450e-01,3.115038288886e-01,2.833623447930e-01,2.529643695392e-01,3.185272682394e-01
suboff_0000_u0_v-2p5_w0,2.500000000000e+00,interpolation,all_surface,practical,126,70,1.000000000000e-03,1.000000000000e-01,100,8.155067405588e-02,2.038618151587e-04,8.114385517817e-02,8.191039210200e-02,8.262330065042e-02,8.219228336261e-02,8.296474747956e-02
suboff_0000_u0_v-2p5_w0,2.500000000000e+00,interpolation,all_surface,practical,126,70,5.000000000000e-03,5.000000000000e-01,100,8.157643165661e-02,9.105314531373e-04,7.983357817785e-02,8.318394014996e-02,8.263803479226e-02,8.093053334755e-02,8.430905779756e-02
suboff_0000_u0_v-2p5_w0,2.500000000000e+00,interpolation,all_surface,practical,126,70,1.000000000000e-02,1.000000000000e+00,100,8.251479964982e-02,1.977802869708e-03,7.914081615130e-02,8.652034380749e-02,8.357356607542e-02,8.003519258491e-02,8.767783210383e-02
suboff_0000_u0_v-2p5_w0,2.500000000000e+00,interpolation,all_surface,practical,126,70,2.000000000000e-02,2.000000000000e+00,100,8.499821314278e-02,3.926841650228e-03,7.729061761515e-02,9.147917237568e-02,8.609395472706e-02,7.820731412368e-02,9.271775157007e-02
suboff_0000_u0_v-2p5_w0,2.500000000000e+00,interpolation,all_surface,practical,126,70,5.000000000000e-02,5.000000000000e+00,100,1.013347705426e-01,8.947397096886e-03,8.686440827338e-02,1.182985981252e-01,1.023728376909e-01,8.778475096385e-02,1.207096212058e-01
suboff_0000_u0_v-3p5_w0,3.500000000000e+00,extrapolation,all_surface,practical,126,70,1.000000000000e-03,1.000000000000e-01,100,9.721007338498e-02,1.831998998942e-04,9.686978092740e-02,9.752127464074e-02,9.749569092836e-02,9.715128092477e-02,9.781206166331e-02
suboff_0000_u0_v-3p5_w0,3.500000000000e+00,extrapolation,all_surface,practical,126,70,5.000000000000e-03,5.000000000000e-01,100,9.742840234005e-02,9.466345047323e-04,9.571658388579e-02,9.930718771250e-02,9.770897452428e-02,9.595891385902e-02,9.962686446481e-02
suboff_0000_u0_v-3p5_w0,3.500000000000e+00,extrapolation,all_surface,practical,126,70,1.000000000000e-02,1.000000000000e+00,100,9.771896705932e-02,1.887087699460e-03,9.359463657753e-02,1.011832623234e-01,9.798625068127e-02,9.379737380838e-02,1.016496751611e-01
suboff_0000_u0_v-3p5_w0,3.500000000000e+00,extrapolation,all_surface,practical,126,70,2.000000000000e-02,2.000000000000e+00,100,9.994814664266e-02,3.482722142377e-03,9.403173819812e-02,1.061991931656e-01,1.001567037757e-01,9.414075681813e-02,1.063524392420e-01
suboff_0000_u0_v-3p5_w0,3.500000000000e+00,extrapolation,all_surface,practical,126,70,5.000000000000e-02,5.000000000000e+00,100,1.146978544462e-01,1.069752269538e-02,9.506953748199e-02,1.354166702497e-01,1.144224406036e-01,9.494312556025e-02,1.349336812935e-01
suboff_0000_u0_v0_w-1p5,1.500000000000e+00,interpolation,all_surface,practical,126,70,1.000000000000e-03,1.000000000000e-01,100,5.478912954490e-02,2.453633171083e-04,5.438572034449e-02,5.523335503322e-02,5.559369173509e-02,5.517539828658e-02,5.604671183158e-02
suboff_0000_u0_v0_w-1p5,1.500000000000e+00,interpolation,all_surface,practical,126,70,5.000000000000e-03,5.000000000000e-01,100,5.486344116174e-02,1.267723788093e-03,5.287871926046e-02,5.702768583471e-02,5.566331521549e-02,5.368532447359e-02,5.785255351060e-02
suboff_0000_u0_v0_w-1p5,1.500000000000e+00,interpolation,all_surface,practical,126,70,1.000000000000e-02,1.000000000000e+00,100,5.581310116867e-02,2.459318941607e-03,5.134336769245e-02,6.074364484593e-02,5.661713043421e-02,5.205545491701e-02,6.179101243891e-02
suboff_0000_u0_v0_w-1p5,1.500000000000e+00,interpolation,all_surface,practical,126,70,2.000000000000e-02,2.000000000000e+00,100,5.994030441328e-02,4.653223391608e-03,5.097437710796e-02,6.772601136007e-02,6.081721255558e-02,5.169779396652e-02,6.844165907776e-02
suboff_0000_u0_v0_w-1p5,1.500000000000e+00,interpolation,all_surface,practical,126,70,5.000000000000e-02,5.000000000000e+00,100,8.080033359075e-02,1.110014013196e-02,6.349832668788e-02,1.040471148136e-01,8.208602102399e-02,6.423004118216e-02,1.060980086941e-01
suboff_0000_u0_v0_w-2p5,2.500000000000e+00,interpolation,all_surface,practical,126,70,1.000000000000e-03,1.000000000000e-01,100,8.920791983536e-02,1.710236314955e-04,8.892048065333e-02,8.955553532969e-02,9.154478431785e-02,9.124471625429e-02,9.189605801627e-02
suboff_0000_u0_v0_w-2p5,2.500000000000e+00,interpolation,all_surface,practical,126,70,5.000000000000e-03,5.000000000000e-01,100,8.941109565103e-02,9.594929773047e-04,8.763390557961e-02,9.109833651952e-02,9.174020633504e-02,8.990465148722e-02,9.352020167082e-02
suboff_0000_u0_v0_w-2p5,2.500000000000e+00,interpolation,all_surface,practical,126,70,1.000000000000e-02,1.000000000000e+00,100,8.970846580826e-02,1.673807530821e-03,8.702750746788e-02,9.314743882491e-02,9.201904116907e-02,8.924018962690e-02,9.556873766665e-02
suboff_0000_u0_v0_w-2p5,2.500000000000e+00,interpolation,all_surface,practical,126,70,2.000000000000e-02,2.000000000000e+00,100,9.266144493453e-02,3.646123835210e-03,8.647149902274e-02,9.979233866508e-02,9.489627252191e-02,8.873087437349e-02,1.024443360941e-01
suboff_0000_u0_v0_w-2p5,2.500000000000e+00,interpolation,all_surface,practical,126,70,5.000000000000e-02,5.000000000000e+00,100,1.075212077230e-01,1.032196388848e-02,9.231992417388e-02,1.304304799854e-01,1.095645384823e-01,9.385951513753e-02,1.323398255381e-01
suboff_0000_u0_v0_w-3p5,3.500000000000e+00,extrapolation,all_surface,practical,126,70,1.000000000000e-03,1.000000000000e-01,100,9.428830616735e-02,1.770612778699e-04,9.396344764397e-02,9.462435646010e-02,9.536698534376e-02,9.504489860628e-02,9.570300789401e-02
suboff_0000_u0_v0_w-3p5,3.500000000000e+00,extrapolation,all_surface,practical,126,70,5.000000000000e-03,5.000000000000e-01,100,9.447445562142e-02,9.334892015269e-04,9.227616005725e-02,9.609182767317e-02,9.553584748506e-02,9.343526723291e-02,9.711580461830e-02
suboff_0000_u0_v0_w-3p5,3.500000000000e+00,extrapolation,all_surface,practical,126,70,1.000000000000e-02,1.000000000000e+00,100,9.522161613147e-02,1.702585485219e-03,9.199193885236e-02,9.849645773607e-02,9.627348265338e-02,9.298529180992e-02,9.938312886864e-02
suboff_0000_u0_v0_w-3p5,3.500000000000e+00,extrapolation,all_surface,practical,126,70,2.000000000000e-02,2.000000000000e+00,100,9.719887038011e-02,3.804611741529e-03,9.004739061652e-02,1.039183205811e-01,9.812222897084e-02,9.100222056115e-02,1.049454601934e-01
suboff_0000_u0_v0_w-3p5,3.500000000000e+00,extrapolation,all_surface,practical,126,70,5.000000000000e-02,5.000000000000e+00,100,1.116807364596e-01,9.497360263705e-03,9.686375404686e-02,1.343616746943e-01,1.121039888720e-01,9.729381761504e-02,1.352162879457e-01
suboff_0000_u0_v0_w1p5,1.500000000000e+00,interpolation,all_surface,practical,126,70,1.000000000000e-03,1.000000000000e-01,100,7.768669592517e-02,1.954771374022e-04,7.732875229114e-02,7.807877038921e-02,7.859065573413e-02,7.822207629508e-02,7.900008051734e-02
suboff_0000_u0_v0_w1p5,1.500000000000e+00,interpolation,all_surface,practical,126,70,5.000000000000e-03,5.000000000000e-01,100,7.797453055937e-02,1.011500927460e-03,7.603880874989e-02,7.977158995727e-02,7.888245460730e-02,7.686629989582e-02,8.073457317127e-02
suboff_0000_u0_v0_w1p5,1.500000000000e+00,interpolation,all_surface,practical,126,70,1.000000000000e-02,1.000000000000e+00,100,7.879291963261e-02,2.402660606307e-03,7.455105762600e-02,8.352087795019e-02,7.972000116568e-02,7.533198845154e-02,8.480047834861e-02
suboff_0000_u0_v0_w1p5,1.500000000000e+00,interpolation,all_surface,practical,126,70,2.000000000000e-02,2.000000000000e+00,100,8.124831985420e-02,4.322874697910e-03,7.441367848199e-02,8.984985586800e-02,8.219512728817e-02,7.508994681943e-02,9.096855996549e-02
suboff_0000_u0_v0_w1p5,1.500000000000e+00,interpolation,all_surface,practical,126,70,5.000000000000e-02,5.000000000000e+00,100,9.720029798011e-02,9.273811705714e-03,8.021384261837e-02,1.143997105298e-01,9.841485757905e-02,8.110651633352e-02,1.164402331796e-01
suboff_0000_u0_v0_w2p5,2.500000000000e+00,interpolation,all_surface,practical,126,70,1.000000000000e-03,1.000000000000e-01,100,1.339846398460e-01,2.194666809428e-04,1.335803928935e-01,1.344071226239e-01,1.331839904067e-01,1.327857929921e-01,1.336065500645e-01
suboff_0000_u0_v0_w2p5,2.500000000000e+00,interpolation,all_surface,practical,126,70,5.000000000000e-03,5.000000000000e-01,100,1.340933241123e-01,1.011979245137e-03,1.322702995359e-01,1.357661100986e-01,1.332864481069e-01,1.314794046376e-01,1.349847080010e-01
suboff_0000_u0_v0_w2p5,2.500000000000e+00,interpolation,all_surface,practical,126,70,1.000000000000e-02,1.000000000000e+00,100,1.346946544158e-01,1.768388225151e-03,1.315805312413e-01,1.378018331580e-01,1.338711688619e-01,1.306400146443e-01,1.369381083835e-01
suboff_0000_u0_v0_w2p5,2.500000000000e+00,interpolation,all_surface,practical,126,70,2.000000000000e-02,2.000000000000e+00,100,1.366568258434e-01,4.225670202824e-03,1.284632424105e-01,1.449141607668e-01,1.357942345406e-01,1.276146851140e-01,1.439841093936e-01
suboff_0000_u0_v0_w2p5,2.500000000000e+00,interpolation,all_surface,practical,126,70,5.000000000000e-02,5.000000000000e+00,100,1.472944069060e-01,1.056456557992e-02,1.288718915939e-01,1.721138538651e-01,1.465098760951e-01,1.279458045743e-01,1.711642771223e-01
suboff_0000_u0_v0_w3p5,3.500000000000e+00,extrapolation,all_surface,practical,126,70,1.000000000000e-03,1.000000000000e-01,100,1.510282175469e-01,2.876965410100e-04,1.504983936325e-01,1.515671390596e-01,1.489455907028e-01,1.484099146109e-01,1.494826885960e-01
suboff_0000_u0_v0_w3p5,3.500000000000e+00,extrapolation,all_surface,practical,126,70,5.000000000000e-03,5.000000000000e-01,100,1.512389010844e-01,1.460756309532e-03,1.488458320280e-01,1.537441632813e-01,1.491473297434e-01,1.467028371812e-01,1.516695338285e-01
suboff_0000_u0_v0_w3p5,3.500000000000e+00,extrapolation,all_surface,practical,126,70,1.000000000000e-02,1.000000000000e+00,100,1.515940155323e-01,2.340720132107e-03,1.474498604404e-01,1.563296033263e-01,1.494946564787e-01,1.450545884302e-01,1.545460236685e-01
suboff_0000_u0_v0_w3p5,3.500000000000e+00,extrapolation,all_surface,practical,126,70,2.000000000000e-02,2.000000000000e+00,100,1.518863309152e-01,5.640262383119e-03,1.413429674949e-01,1.622367049376e-01,1.497474683401e-01,1.393344585635e-01,1.603636875620e-01
suboff_0000_u0_v0_w3p5,3.500000000000e+00,extrapolation,all_surface,practical,126,70,5.000000000000e-02,5.000000000000e+00,100,1.614920952111e-01,1.181700104279e-02,1.427571387984e-01,1.881804668642e-01,1.591003677398e-01,1.404838299421e-01,1.852491072387e-01
suboff_0000_u0_v1p5_w-1p5,2.121320343560e+00,interpolation,all_surface,practical,126,70,1.000000000000e-03,1.000000000000e-01,100,2.136857176288e-01,1.837560868454e-04,2.133349456229e-01,2.140194445937e-01,2.123041854729e-01,2.119543088052e-01,2.126279502510e-01
suboff_0000_u0_v1p5_w-1p5,2.121320343560e+00,interpolation,all_surface,practical,126,70,5.000000000000e-03,5.000000000000e-01,100,2.137222756948e-01,7.736111168990e-04,2.121925151267e-01,2.151434472316e-01,2.123491636557e-01,2.108187926369e-01,2.138076618661e-01
suboff_0000_u0_v1p5_w-1p5,2.121320343560e+00,interpolation,all_surface,practical,126,70,1.000000000000e-02,1.000000000000e+00,100,2.140812571460e-01,1.344501050584e-03,2.120618552082e-01,2.168199505929e-01,2.127071425101e-01,2.106613006431e-01,2.154660573514e-01
suboff_0000_u0_v1p5_w-1p5,2.121320343560e+00,interpolation,all_surface,practical,126,70,2.000000000000e-02,2.000000000000e+00,100,2.150687645742e-01,3.355320494432e-03,2.087944690455e-01,2.217099411708e-01,2.136314966454e-01,2.070265224755e-01,2.203024292785e-01
suboff_0000_u0_v1p5_w-1p5,2.121320343560e+00,interpolation,all_surface,practical,126,70,5.000000000000e-02,5.000000000000e+00,100,2.216706577914e-01,8.314559088268e-03,2.092395661892e-01,2.391577844514e-01,2.201513876333e-01,2.071779249730e-01,2.374035972556e-01
suboff_0000_u0_v1p5_w0,1.500000000000e+00,interpolation,all_surface,practical,126,70,1.000000000000e-03,1.000000000000e-01,100,1.135698662335e-01,1.720327726927e-04,1.132755145830e-01,1.138918039826e-01,1.144963549202e-01,1.141869010191e-01,1.148342230192e-01
suboff_0000_u0_v1p5_w0,1.500000000000e+00,interpolation,all_surface,practical,126,70,5.000000000000e-03,5.000000000000e-01,100,1.138729366845e-01,9.392555419480e-04,1.121256518045e-01,1.157433412933e-01,1.148045674367e-01,1.129438424391e-01,1.166959820555e-01
suboff_0000_u0_v1p5_w0,1.500000000000e+00,interpolation,all_surface,practical,126,70,1.000000000000e-02,1.000000000000e+00,100,1.141740811786e-01,1.956542105950e-03,1.096506113632e-01,1.173868387294e-01,1.150741231173e-01,1.104285267010e-01,1.184107238849e-01
suboff_0000_u0_v1p5_w0,1.500000000000e+00,interpolation,all_surface,practical,126,70,2.000000000000e-02,2.000000000000e+00,100,1.162723779783e-01,3.894983305436e-03,1.082486134937e-01,1.236840381848e-01,1.172080274779e-01,1.090554586662e-01,1.247126386548e-01
suboff_0000_u0_v1p5_w0,1.500000000000e+00,interpolation,all_surface,practical,126,70,5.000000000000e-02,5.000000000000e+00,100,1.296771388015e-01,9.661767190992e-03,1.129923005438e-01,1.469836779908e-01,1.306940427131e-01,1.137222733304e-01,1.481998598823e-01
suboff_0000_u0_v1p5_w1p5,2.121320343560e+00,interpolation,all_surface,practical,126,70,1.000000000000e-03,1.000000000000e-01,100,2.730929800440e-01,3.023174540593e-04,2.725829931793e-01,2.736953447125e-01,2.754745876763e-01,2.749631400844e-01,2.760748686307e-01
suboff_0000_u0_v1p5_w1p5,2.121320343560e+00,interpolation,all_surface,practical,126,70,5.000000000000e-03,5.000000000000e-01,100,2.733533046246e-01,1.533195825365e-03,2.705646760121e-01,2.762553019170e-01,2.757678422522e-01,2.730241193296e-01,2.789660910587e-01
suboff_0000_u0_v1p5_w1p5,2.121320343560e+00,interpolation,all_surface,practical,126,70,1.000000000000e-02,1.000000000000e+00,100,2.738243445380e-01,2.944488896448e-03,2.684437644231e-01,2.796375272338e-01,2.762288332377e-01,2.705037436305e-01,2.823568124311e-01
suboff_0000_u0_v1p5_w1p5,2.121320343560e+00,interpolation,all_surface,practical,126,70,2.000000000000e-02,2.000000000000e+00,100,2.736659020060e-01,5.888866766117e-03,2.622240447649e-01,2.845227703888e-01,2.760200767309e-01,2.641786503192e-01,2.877182917646e-01
suboff_0000_u0_v1p5_w1p5,2.121320343560e+00,interpolation,all_surface,practical,126,70,5.000000000000e-02,5.000000000000e+00,100,2.789061951775e-01,1.232870027912e-02,2.556312084766e-01,3.033504538935e-01,2.815821212645e-01,2.559536721446e-01,3.066002802479e-01
suboff_0000_u0_v2p5_w0,2.500000000000e+00,interpolation,all_surface,practical,126,70,1.000000000000e-03,1.000000000000e-01,100,7.114795497065e-02,1.804907099980e-04,7.080237373837e-02,7.146178586877e-02,7.070891294366e-02,7.036298485956e-02,7.103902807164e-02
suboff_0000_u0_v2p5_w0,2.500000000000e+00,interpolation,all_surface,practical,126,70,5.000000000000e-03,5.000000000000e-01,100,7.150616071513e-02,9.663444687552e-04,6.972438225555e-02,7.343942762600e-02,7.107627405741e-02,6.930044202781e-02,7.299038069166e-02
suboff_0000_u0_v2p5_w0,2.500000000000e+00,interpolation,all_surface,practical,126,70,1.000000000000e-02,1.000000000000e+00,100,7.215871009122e-02,2.005156834994e-03,6.856844941312e-02,7.650959724143e-02,7.171929837469e-02,6.822059120782e-02,7.628408822108e-02
suboff_0000_u0_v2p5_w0,2.500000000000e+00,interpolation,all_surface,practical,126,70,2.000000000000e-02,2.000000000000e+00,100,7.490218669823e-02,3.754159221113e-03,6.916023928460e-02,8.388044271523e-02,7.454659387774e-02,6.856103261688e-02,8.390310656036e-02
suboff_0000_u0_v2p5_w0,2.500000000000e+00,interpolation,all_surface,practical,126,70,5.000000000000e-02,5.000000000000e+00,100,9.315401537512e-02,1.039864281955e-02,7.749320606984e-02,1.127672829573e-01,9.316695226246e-02,7.729851037539e-02,1.138180631707e-01
suboff_0000_u0_v3p5_w0,3.500000000000e+00,extrapolation,all_surface,practical,126,70,1.000000000000e-03,1.000000000000e-01,100,8.001294521170e-02,2.125291854278e-04,7.954980180772e-02,8.041210893578e-02,7.807682467113e-02,7.761368435867e-02,7.846476208153e-02
suboff_0000_u0_v3p5_w0,3.500000000000e+00,extrapolation,all_surface,practical,126,70,5.000000000000e-03,5.000000000000e-01,100,8.006757464715e-02,9.232998011410e-04,7.838477600968e-02,8.173228823210e-02,7.812143131923e-02,7.645386162586e-02,7.978224087547e-02
suboff_0000_u0_v3p5_w0,3.500000000000e+00,extrapolation,all_surface,practical,126,70,1.000000000000e-02,1.000000000000e+00,100,8.076588987525e-02,1.770795234211e-03,7.739605921187e-02,8.404987311885e-02,7.880736016419e-02,7.545616423720e-02,8.208956053276e-02
suboff_0000_u0_v3p5_w0,3.500000000000e+00,extrapolation,all_surface,practical,126,70,2.000000000000e-02,2.000000000000e+00,100,8.369203299448e-02,4.694910418544e-03,7.606707166345e-02,9.397535743308e-02,8.167178941980e-02,7.403260897512e-02,9.227599456908e-02
suboff_0000_u0_v3p5_w0,3.500000000000e+00,extrapolation,all_surface,practical,126,70,5.000000000000e-02,5.000000000000e+00,100,9.961901839345e-02,9.847589938280e-03,8.232870563303e-02,1.193703485895e-01,9.736554242141e-02,8.030076898017e-02,1.172073083046e-01
suboff_0000_u0p5_v-0p5_w-0p5,8.660254037844e-01,interpolation,all_surface,practical,126,70,1.000000000000e-03,1.000000000000e-01,100,1.882360303628e-01,2.691630433242e-04,1.877005058627e-01,1.887703377629e-01,5.958637900599e-02,5.940630295788e-02,5.975572803953e-02
suboff_0000_u0p5_v-0p5_w-0p5,8.660254037844e-01,interpolation,all_surface,practical,126,70,5.000000000000e-03,5.000000000000e-01,100,1.885062234129e-01,1.346234646957e-03,1.862014139493e-01,1.909571448016e-01,5.967894194675e-02,5.891554709085e-02,6.044441772991e-02
suboff_0000_u0p5_v-0p5_w-0p5,8.660254037844e-01,interpolation,all_surface,practical,126,70,1.000000000000e-02,1.000000000000e+00,100,1.882646998565e-01,2.540672842603e-03,1.833971614756e-01,1.931397508165e-01,5.961043353560e-02,5.797212838558e-02,6.121424955422e-02
suboff_0000_u0p5_v-0p5_w-0p5,8.660254037844e-01,interpolation,all_surface,practical,126,70,2.000000000000e-02,2.000000000000e+00,100,1.895657768849e-01,4.793170331930e-03,1.804879564377e-01,1.992750497290e-01,6.001924546634e-02,5.703151357186e-02,6.311558792551e-02
suboff_0000_u0p5_v-0p5_w-0p5,8.660254037844e-01,interpolation,all_surface,practical,126,70,5.000000000000e-02,5.000000000000e+00,100,1.972333870614e-01,1.241427172997e-02,1.734110096732e-01,2.232006313284e-01,6.260222536588e-02,5.447041777236e-02,7.132532964202e-02
suboff_0000_u0p5_v-0p5_w0p5,8.660254037844e-01,interpolation,all_surface,practical,126,70,1.000000000000e-03,1.000000000000e-01,100,1.326805655980e-01,2.560274350049e-04,1.322395261625e-01,1.331369061642e-01,1.448223997389e-01,1.443175815644e-01,1.453317563154e-01
suboff_0000_u0p5_v-0p5_w0p5,8.660254037844e-01,interpolation,all_surface,practical,126,70,5.000000000000e-03,5.000000000000e-01,100,1.326995397617e-01,1.641980362878e-03,1.292354675435e-01,1.360157428942e-01,1.448431315740e-01,1.409437514490e-01,1.484079613208e-01
suboff_0000_u0p5_v-0p5_w0p5,8.660254037844e-01,interpolation,all_surface,practical,126,70,1.000000000000e-02,1.000000000000e+00,100,1.332874693262e-01,2.879659968747e-03,1.281517645250e-01,1.387466990338e-01,1.455185420396e-01,1.397333880858e-01,1.519317553758e-01
suboff_0000_u0p5_v-0p5_w0p5,8.660254037844e-01,interpolation,all_surface,practical,126,70,2.000000000000e-02,2.000000000000e+00,100,1.346282161758e-01,5.526829557397e-03,1.256819996351e-01,1.453153118659e-01,1.470256158011e-01,1.370195531700e-01,1.589076921778e-01
suboff_0000_u0p5_v-0p5_w0p5,8.660254037844e-01,interpolation,all_surface,practical,126,70,5.000000000000e-02,5.000000000000e+00,100,1.443822210862e-01,1.120809265252e-02,1.234106148401e-01,1.649244939565e-01,1.577238657117e-01,1.331212400794e-01,1.815141770424e-01
suboff_0000_u0p5_v-1_w-2,2.291287847478e+00,interpolation,all_surface,practical,126,70,1.000000000000e-03,1.000000000000e-01,100,2.308601898029e-01,2.329632738317e-04,2.303710783238e-01,2.312464886314e-01,2.533064461739e-01,2.527484519346e-01,2.537398400066e-01
suboff_0000_u0p5_v-1_w-2,2.291287847478e+00,interpolation,all_surface,practical,126,70,5.000000000000e-03,5.000000000000e-01,100,2.307790701015e-01,1.449182727968e-03,2.275892271216e-01,2.334772399315e-01,2.532114140878e-01,2.495338263885e-01,2.563157414691e-01
suboff_0000_u0p5_v-1_w-2,2.291287847478e+00,interpolation,all_surface,practical,126,70,1.000000000000e-02,1.000000000000e+00,100,2.310837435267e-01,2.608099317679e-03,2.261574703715e-01,2.366840190705e-01,2.535657899230e-01,2.478305192643e-01,2.599964308318e-01
suboff_0000_u0p5_v-1_w-2,2.291287847478e+00,interpolation,all_surface,practical,126,70,2.000000000000e-02,2.000000000000e+00,100,2.331419529484e-01,4.957034018520e-03,2.231858330272e-01,2.421623295774e-01,2.559108625536e-01,2.447508249013e-01,2.661953684740e-01
suboff_0000_u0p5_v-1_w-2,2.291287847478e+00,interpolation,all_surface,practical,126,70,5.000000000000e-02,5.000000000000e+00,100,2.380409828336e-01,1.315344293797e-02,2.129194135355e-01,2.615003792662e-01,2.616717072818e-01,2.323936125393e-01,2.883775197791e-01
suboff_0000_u0p5_v0p5_w-0p5,8.660254037844e-01,interpolation,all_surface,practical,126,70,1.000000000000e-03,1.000000000000e-01,100,1.712603984336e-01,2.684267466092e-04,1.707185504005e-01,1.717692475952e-01,8.241449627179e-02,8.214053594230e-02,8.266524423781e-02
suboff_0000_u0p5_v0p5_w-0p5,8.660254037844e-01,interpolation,all_surface,practical,126,70,5.000000000000e-03,5.000000000000e-01,100,1.713187595860e-01,1.167272598122e-03,1.690392255691e-01,1.736984493799e-01,8.244268367399e-02,8.136185571479e-02,8.361074683181e-02
suboff_0000_u0p5_v0p5_w-0p5,8.660254037844e-01,interpolation,all_surface,practical,126,70,1.000000000000e-02,1.000000000000e+00,100,1.719500462529e-01,2.426947508808e-03,1.674911925673e-01,1.762686216464e-01,8.275659970884e-02,8.055726017203e-02,8.495898955442e-02
suboff_0000_u0p5_v0p5_w-0p5,8.660254037844e-01,interpolation,all_surface,practical,126,70,2.000000000000e-02,2.000000000000e+00,100,1.733862395435e-01,4.424112804445e-03,1.654470072636e-01,1.821951256448e-01,8.345500926911e-02,7.938595773585e-02,8.773597039583e-02
suboff_0000_u0p5_v0p5_w-0p5,8.660254037844e-01,interpolation,all_surface,practical,126,70,5.000000000000e-02,5.000000000000e+00,100,1.827539779099e-01,1.336116065887e-02,1.589032415684e-01,2.119453847683e-01,8.813489412700e-02,7.655525858989e-02,1.028773059717e-01
suboff_0000_u0p5_v0p5_w0p5,8.660254037844e-01,interpolation,all_surface,practical,126,70,1.000000000000e-03,1.000000000000e-01,100,1.142512220530e-01,2.839624810581e-04,1.138334891899e-01,1.147816546331e-01,1.244247420700e-01,1.239540944072e-01,1.249915081272e-01
suboff_0000_u0p5_v0p5_w0p5,8.660254037844e-01,interpolation,all_surface,practical,126,70,5.000000000000e-03,5.000000000000e-01,100,1.146899604556e-01,1.274195593714e-03,1.124342496038e-01,1.169361433242e-01,1.249118591578e-01,1.222764474066e-01,1.273885738890e-01
suboff_0000_u0p5_v0p5_w0p5,8.660254037844e-01,interpolation,all_surface,practical,126,70,1.000000000000e-02,1.000000000000e+00,100,1.147361644978e-01,2.649575820046e-03,1.096212928390e-01,1.201167859671e-01,1.249761081563e-01,1.194228864872e-01,1.307638312121e-01
suboff_0000_u0p5_v0p5_w0p5,8.660254037844e-01,interpolation,all_surface,practical,126,70,2.000000000000e-02,2.000000000000e+00,100,1.167675315786e-01,6.002030860557e-03,1.067553381360e-01,1.262516058770e-01,1.273048217388e-01,1.162220812803e-01,1.381504918274e-01
suboff_0000_u0p5_v0p5_w0p5,8.660254037844e-01,interpolation,all_surface,practical,126,70,5.000000000000e-02,5.000000000000e+00,100,1.288501707091e-01,1.296530038188e-02,1.072674176856e-01,1.521257171771e-01,1.408235739331e-01,1.165670809312e-01,1.655714523010e-01
suboff_0000_u0p5_v1_w2,2.291287847478e+00,interpolation,all_surface,practical,126,70,1.000000000000e-03,1.000000000000e-01,100,3.145301729088e-01,2.709208826082e-04,3.140778201624e-01,3.150280927860e-01,2.658901478152e-01,2.654930581191e-01,2.663501721296e-01
suboff_0000_u0p5_v1_w2,2.291287847478e+00,interpolation,all_surface,practical,126,70,5.000000000000e-03,5.000000000000e-01,100,3.146474420503e-01,1.311243809713e-03,3.123416766739e-01,3.168888628256e-01,2.659816509835e-01,2.639344775062e-01,2.680063467157e-01
suboff_0000_u0p5_v1_w2,2.291287847478e+00,interpolation,all_surface,practical,126,70,1.000000000000e-02,1.000000000000e+00,100,3.147947603140e-01,2.552288785373e-03,3.102333439515e-01,3.192484973064e-01,2.661208191994e-01,2.622098221516e-01,2.699029523964e-01
suboff_0000_u0p5_v1_w2,2.291287847478e+00,interpolation,all_surface,practical,126,70,2.000000000000e-02,2.000000000000e+00,100,3.154392381095e-01,6.059656429241e-03,3.044131310395e-01,3.273406737827e-01,2.666915523664e-01,2.568642436531e-01,2.769426313670e-01
suboff_0000_u0p5_v1_w2,2.291287847478e+00,interpolation,all_surface,practical,126,70,5.000000000000e-02,5.000000000000e+00,100,3.198673357363e-01,1.214840995873e-02,2.943248970431e-01,3.415543209978e-01,2.705611352841e-01,2.481992044912e-01,2.892320657670e-01
suboff_0000_u1_v-2_w0p5,2.291287847478e+00,interpolation,all_surface,practical,126,70,1.000000000000e-03,1.000000000000e-01,100,2.275453984382e-01,2.201836764199e-04,2.271224636104e-01,2.279269655833e-01,1.920548714605e-01,1.916918889006e-01,1.923749884667e-01
suboff_0000_u1_v-2_w0p5,2.291287847478e+00,interpolation,all_surface,practical,126,70,5.000000000000e-03,5.000000000000e-01,100,2.276627725898e-01,9.222160628773e-04,2.258570578617e-01,2.294565405468e-01,1.921573972592e-01,1.906022753896e-01,1.936318391680e-01
suboff_0000_u1_v-2_w0p5,2.291287847478e+00,interpolation,all_surface,practical,126,70,1.000000000000e-02,1.000000000000e+00,100,2.278367107898e-01,2.164348317803e-03,2.234567197219e-01,2.322711646986e-01,1.922805243946e-01,1.885495287636e-01,1.959199083649e-01
suboff_0000_u1_v-2_w0p5,2.291287847478e+00,interpolation,all_surface,practical,126,70,2.000000000000e-02,2.000000000000e+00,100,2.284484177463e-01,4.063503797993e-03,2.214574580559e-01,2.362053628569e-01,1.928143525467e-01,1.869453600115e-01,1.994871719049e-01
suboff_0000_u1_v-2_w0p5,2.291287847478e+00,interpolation,all_surface,practical,126,70,5.000000000000e-02,5.000000000000e+00,100,2.360750042416e-01,1.134760162218e-02,2.157229887695e-01,2.559005724144e-01,1.991719406999e-01,1.815946405675e-01,2.157794871235e-01
suboff_0000_u1_v2_w0p5,2.291287847478e+00,interpolation,all_surface,practical,126,70,1.000000000000e-03,1.000000000000e-01,100,2.215046596693e-01,2.923119958533e-04,2.209392359412e-01,2.220884029585e-01,1.518945134041e-01,1.515137610370e-01,1.522980529177e-01
suboff_0000_u1_v2_w0p5,2.291287847478e+00,interpolation,all_surface,practical,126,70,5.000000000000e-03,5.000000000000e-01,100,2.214453485933e-01,1.337789977301e-03,2.186597511637e-01,2.240009388448e-01,1.518540959946e-01,1.498680259796e-01,1.536006183878e-01
suboff_0000_u1_v2_w0p5,2.291287847478e+00,interpolation,all_surface,practical,126,70,1.000000000000e-02,1.000000000000e+00,100,2.219400384299e-01,2.796999251748e-03,2.169595975469e-01,2.276241767206e-01,1.522000272182e-01,1.486479532927e-01,1.560073718650e-01
suboff_0000_u1_v2_w0p5,2.291287847478e+00,interpolation,all_surface,practical,126,70,2.000000000000e-02,2.000000000000e+00,100,2.218996119137e-01,5.700640969336e-03,2.113762435379e-01,2.350271856884e-01,1.522168847201e-01,1.450928414058e-01,1.612473359521e-01
suboff_0000_u1_v2_w0p5,2.291287847478e+00,interpolation,all_surface,practical,126,70,5.000000000000e-02,5.000000000000e+00,100,2.285849122355e-01,1.377898508887e-02,2.008354245753e-01,2.547928521910e-01,1.566942703089e-01,1.375919311578e-01,1.748227316888e-01
suboff_0000_u1p5_v-1p5_w0,2.121320343560e+00,interpolation,all_surface,practical,126,70,1.000000000000e-03,1.000000000000e-01,100,4.784270845697e-01,1.764202072176e-04,4.781081132913e-01,4.787450569270e-01,2.147985708884e-01,2.146536340516e-01,2.149390265126e-01
suboff_0000_u1p5_v-1p5_w0,2.121320343560e+00,interpolation,all_surface,practical,126,70,5.000000000000e-03,5.000000000000e-01,100,4.783829083270e-01,8.138213634811e-04,4.764824087309e-01,4.796625003788e-01,2.147795358886e-01,2.139344563870e-01,2.153615366965e-01
suboff_0000_u1p5_v-1p5_w0,2.121320343560e+00,interpolation,all_surface,practical,126,70,1.000000000000e-02,1.000000000000e+00,100,4.785105387324e-01,1.826704998342e-03,4.748115012273e-01,4.816184794705e-01,2.148353361433e-01,2.131467448341e-01,2.163259608025e-01
suboff_0000_u1p5_v-1p5_w0,2.121320343560e+00,interpolation,all_surface,practical,126,70,2.000000000000e-02,2.000000000000e+00,100,4.791132625209e-01,3.965106116044e-03,4.726030753375e-01,4.876597930200e-01,2.151203462859e-01,2.120713493151e-01,2.185973121794e-01
suboff_0000_u1p5_v-1p5_w0,2.121320343560e+00,interpolation,all_surface,practical,126,70,5.000000000000e-02,5.000000000000e+00,100,4.830452418915e-01,8.952829954663e-03,4.655260462463e-01,4.998953041670e-01,2.169443523828e-01,2.088229030403e-01,2.244860996314e-01
suboff_0000_u1p5_v0_w-1p5,2.121320343560e+00,interpolation,all_surface,practical,126,70,1.000000000000e-03,1.000000000000e-01,100,1.039417438870e+00,2.458357811972e-04,1.038956297309e+00,1.039823479828e+00,2.082404946014e-01,2.081528592430e-01,2.083253046147e-01
suboff_0000_u1p5_v0_w-1p5,2.121320343560e+00,interpolation,all_surface,practical,126,70,5.000000000000e-03,5.000000000000e-01,100,1.039554502580e+00,1.251367138863e-03,1.037293467418e+00,1.042136519594e+00,2.082626097088e-01,2.077651420395e-01,2.087943468915e-01
suboff_0000_u1p5_v0_w-1p5,2.121320343560e+00,interpolation,all_surface,practical,126,70,1.000000000000e-02,1.000000000000e+00,100,1.039901969009e+00,2.267981720105e-03,1.036116258945e+00,1.044842934469e+00,2.083385822161e-01,2.075728115089e-01,2.092895888929e-01
suboff_0000_u1p5_v0_w-1p5,2.121320343560e+00,interpolation,all_surface,practical,126,70,2.000000000000e-02,2.000000000000e+00,100,1.040117676496e+00,5.341196598784e-03,1.030864913770e+00,1.051249980587e+00,2.084066856242e-01,2.065127957681e-01,2.107189699627e-01
suboff_0000_u1p5_v0_w-1p5,2.121320343560e+00,interpolation,all_surface,practical,126,70,5.000000000000e-02,5.000000000000e+00,100,1.040916709951e+00,1.224451159231e-02,1.016128327031e+00,1.067656352065e+00,2.085516436018e-01,2.036514634773e-01,2.139085251485e-01
suboff_0000_u1p5_v0_w0,1.500000000000e+00,interpolation,all_surface,practical,126,70,1.000000000000e-03,1.000000000000e-01,100,2.780920650357e-01,2.596300984724e-04,2.775996936784e-01,2.785768375483e-01,6.015697719860e-02,6.004529203320e-02,6.026881624398e-02
suboff_0000_u1p5_v0_w0,1.500000000000e+00,interpolation,all_surface,practical,126,70,5.000000000000e-03,5.000000000000e-01,100,2.781154707446e-01,1.407950149379e-03,2.759091205426e-01,2.808767855604e-01,6.016088573807e-02,5.966294842616e-02,6.077029198595e-02
suboff_0000_u1p5_v0_w0,1.500000000000e+00,interpolation,all_surface,practical,126,70,1.000000000000e-02,1.000000000000e+00,100,2.785884543956e-01,2.717685790645e-03,2.739218131366e-01,2.841685155517e-01,6.026624210263e-02,5.920714824843e-02,6.153332780747e-02
suboff_0000_u1p5_v0_w0,1.500000000000e+00,interpolation,all_surface,practical,126,70,2.000000000000e-02,2.000000000000e+00,100,2.788743761752e-01,5.664542734385e-03,2.704142546465e-01,2.881532569917e-01,6.032690138130e-02,5.849937492197e-02,6.236977551360e-02
suboff_0000_u1p5_v0_w0,1.500000000000e+00,interpolation,all_surface,practical,126,70,5.000000000000e-02,5.000000000000e+00,100,2.855892045723e-01,1.226473572331e-02,2.595510972267e-01,3.067467235037e-01,6.179145664091e-02,5.576617551126e-02,6.660787936604e-02
suboff_0000_u1p5_v0_w1p5,2.121320343560e+00,interpolation,all_surface,practical,126,70,1.000000000000e-03,1.000000000000e-01,100,3.133972183584e-01,2.639821792248e-04,3.128639412219e-01,3.138241989688e-01,4.807330067420e-01,4.799272243563e-01,4.814075012805e-01
suboff_0000_u1p5_v0_w1p5,2.121320343560e+00,interpolation,all_surface,practical,126,70,5.000000000000e-03,5.000000000000e-01,100,3.133158201238e-01,1.378899555015e-03,3.106311025308e-01,3.158407232148e-01,4.806162035431e-01,4.764299732866e-01,4.845457973071e-01
suboff_0000_u1p5_v0_w1p5,2.121320343560e+00,interpolation,all_surface,practical,126,70,1.000000000000e-02,1.000000000000e+00,100,3.137356646864e-01,2.924278847712e-03,3.081834335194e-01,3.184872918123e-01,4.812244708720e-01,4.726953938610e-01,4.890002821945e-01
suboff_0000_u1p5_v0_w1p5,2.121320343560e+00,interpolation,all_surface,practical,126,70,2.000000000000e-02,2.000000000000e+00,100,3.145498174370e-01,5.971407188668e-03,3.042327675576e-01,3.257850387336e-01,4.825373625263e-01,4.662238266872e-01,4.999160677253e-01
suboff_0000_u1p5_v0_w1p5,2.121320343560e+00,interpolation,all_surface,practical,126,70,5.000000000000e-02,5.000000000000e+00,100,3.169718047519e-01,1.383452393142e-02,2.926280321020e-01,3.406970358459e-01,4.859683770201e-01,4.481211326144e-01,5.238913412954e-01
suboff_0000_u1p5_v1p5_w0,2.121320343560e+00,interpolation,all_surface,practical,126,70,1.000000000000e-03,1.000000000000e-01,100,5.734331580947e-01,2.477200737367e-04,5.730296272908e-01,5.739625600138e-01,1.842535707446e-01,1.841179909511e-01,1.844166847456e-01
suboff_0000_u1p5_v1p5_w0,2.121320343560e+00,interpolation,all_surface,practical,126,70,5.000000000000e-03,5.000000000000e-01,100,5.734535846265e-01,1.193577868111e-03,5.712641635625e-01,5.755379296382e-01,1.842623841031e-01,1.835624055976e-01,1.849328263992e-01
suboff_0000_u1p5_v1p5_w0,2.121320343560e+00,interpolation,all_surface,practical,126,70,1.000000000000e-02,1.000000000000e+00,100,5.737150117376e-01,2.495543572456e-03,5.691782364722e-01,5.781936669514e-01,1.843487499186e-01,1.828895625822e-01,1.857687420960e-01
suboff_0000_u1p5_v1p5_w0,2.121320343560e+00,interpolation,all_surface,practical,126,70,2.000000000000e-02,2.000000000000e+00,100,5.737984568321e-01,5.468715835318e-03,5.646189907721e-01,5.859816954291e-01,1.843784531391e-01,1.815660110322e-01,1.882846963691e-01
suboff_0000_u1p5_v1p5_w0,2.121320343560e+00,interpolation,all_surface,practical,126,70,5.000000000000e-02,5.000000000000e+00,100,5.761211671649e-01,1.324574153709e-02,5.501592754767e-01,6.027584893991e-01,1.851454221459e-01,1.766257146459e-01,1.933856824192e-01
suboff_0000_u2_v-1_w0p5,2.291287847478e+00,interpolation,all_surface,practical,126,70,1.000000000000e-03,1.000000000000e-01,100,2.345136765416e-01,1.981859139180e-04,2.341389611996e-01,2.348606614582e-01,9.577625136724e-02,9.560556250807e-02,9.593350055612e-02
suboff_0000_u2_v-1_w0p5,2.291287847478e+00,interpolation,all_surface,practical,126,70,5.000000000000e-03,5.000000000000e-01,100,2.344493076432e-01,1.020643077310e-03,2.325583812161e-01,2.363579544952e-01,9.574786538647e-02,9.494211621167e-02,9.656925006004e-02
suboff_0000_u2_v-1_w0p5,2.291287847478e+00,interpolation,all_surface,practical,126,70,1.000000000000e-02,1.000000000000e+00,100,2.347768177292e-01,1.944794092095e-03,2.313263097957e-01,2.391960906967e-01,9.588110789257e-02,9.437613200081e-02,9.780652561198e-02
suboff_0000_u2_v-1_w0p5,2.291287847478e+00,interpolation,all_surface,practical,126,70,2.000000000000e-02,2.000000000000e+00,100,2.359100949909e-01,4.458473362976e-03,2.267885612834e-01,2.439035163144e-01,9.641399493613e-02,9.235975999288e-02,1.001861449999e-01
suboff_0000_u2_v-1_w0p5,2.291287847478e+00,interpolation,all_surface,practical,126,70,5.000000000000e-02,5.000000000000e+00,100,2.430547303684e-01,9.369074536922e-03,2.268511493107e-01,2.628409718689e-01,9.951104563072e-02,9.257817497305e-02,1.080071918951e-01
suboff_0000_u2_v1_w0p5,2.291287847478e+00,interpolation,all_surface,practical,126,70,1.000000000000e-03,1.000000000000e-01,100,2.770898853369e-01,2.471395813728e-04,2.766803042900e-01,2.775824217586e-01,8.747183026914e-02,8.733664322487e-02,8.763039069599e-02
suboff_0000_u2_v1_w0p5,2.291287847478e+00,interpolation,all_surface,practical,126,70,5.000000000000e-03,5.000000000000e-01,100,2.772246481894e-01,1.476551889976e-03,2.747708296833e-01,2.797599887686e-01,8.751864032208e-02,8.672853219738e-02,8.833791435878e-02
suboff_0000_u2_v1_w0p5,2.291287847478e+00,interpolation,all_surface,practical,126,70,1.000000000000e-02,1.000000000000e+00,100,2.774124421225e-01,3.264201075329e-03,2.714349585970e-01,2.839192130208e-01,8.757131000068e-02,8.558425471477e-02,8.965608570401e-02
suboff_0000_u2_v1_w0p5,2.291287847478e+00,interpolation,all_surface,practical,126,70,2.000000000000e-02,2.000000000000e+00,100,2.782032429229e-01,6.322713735540e-03,2.672089756677e-01,2.902406196884e-01,8.782181298769e-02,8.435171649021e-02,9.168178820894e-02
suboff_0000_u2_v1_w0p5,2.291287847478e+00,interpolation,all_surface,practical,126,70,5.000000000000e-02,5.000000000000e+00,100,2.846309488538e-01,1.508197576272e-02,2.613821797544e-01,3.175698423146e-01,8.987333582447e-02,8.217764809816e-02,1.004431302618e-01
suboff_0000_u2p5_v0_w0,2.500000000000e+00,interpolation,all_surface,practical,126,70,1.000000000000e-03,1.000000000000e-01,100,2.702782325845e-01,2.811473286316e-04,2.698105400615e-01,2.708131237067e-01,5.853989815331e-02,5.843024897675e-02,5.865539793064e-02
suboff_0000_u2p5_v0_w0,2.500000000000e+00,interpolation,all_surface,practical,126,70,5.000000000000e-03,5.000000000000e-01,100,2.702034160517e-01,1.543472928960e-03,2.671137106522e-01,2.738007560034e-01,5.851964064540e-02,5.783041873281e-02,5.931997770346e-02
suboff_0000_u2p5_v0_w0,2.500000000000e+00,interpolation,all_surface,practical,126,70,1.000000000000e-02,1.000000000000e+00,100,2.703365487100e-01,2.775055872228e-03,2.656740121813e-01,2.757853951869e-01,5.854653683041e-02,5.754009452626e-02,5.977136265362e-02
suboff_0000_u2p5_v0_w0,2.500000000000e+00,interpolation,all_surface,practical,126,70,2.000000000000e-02,2.000000000000e+00,100,2.725231397275e-01,5.410030041454e-03,2.620025913794e-01,2.822946792903e-01,5.904755408045e-02,5.659288019029e-02,6.119472561114e-02
suboff_0000_u2p5_v0_w0,2.500000000000e+00,interpolation,all_surface,practical,126,70,5.000000000000e-02,5.000000000000e+00,100,2.764552066811e-01,1.497913173270e-02,2.512095698515e-01,3.102766250665e-01,5.986377692524e-02,5.411866810592e-02,6.742711236544e-02
suboff_0000_u3p5_v0_w0,3.500000000000e+00,extrapolation,all_surface,practical,126,70,1.000000000000e-03,1.000000000000e-01,100,9.986965178369e-02,2.864417517570e-04,9.941799327206e-02,1.005675866351e-01,1.049967748710e-01,1.044935900424e-01,1.057523748084e-01
suboff_0000_u3p5_v0_w0,3.500000000000e+00,extrapolation,all_surface,practical,126,70,5.000000000000e-03,5.000000000000e-01,100,1.001357800424e-01,1.522309403172e-03,9.721883906773e-02,1.030002711125e-01,1.052874291890e-01,1.021343069477e-01,1.082718193045e-01
suboff_0000_u3p5_v0_w0,3.500000000000e+00,extrapolation,all_surface,practical,126,70,1.000000000000e-02,1.000000000000e+00,100,1.005226288204e-01,3.621530664426e-03,9.352986260302e-02,1.069789275822e-01,1.056612199981e-01,9.812628909748e-02,1.125098348212e-01
suboff_0000_u3p5_v0_w0,3.500000000000e+00,extrapolation,all_surface,practical,126,70,2.000000000000e-02,2.000000000000e+00,100,1.022832792669e-01,6.595568846126e-03,9.148170416235e-02,1.140869395817e-01,1.075202610449e-01,9.584338479669e-02,1.199942329568e-01
suboff_0000_u3p5_v0_w0,3.500000000000e+00,extrapolation,all_surface,practical,126,70,5.000000000000e-02,5.000000000000e+00,100,1.160118933687e-01,1.396084046220e-02,9.284351521774e-02,1.455333985282e-01,1.219922418075e-01,9.656112789900e-02,1.535786985546e-01
suboff_0000_u3p5_v1_w0,3.640054944640e+00,extrapolation,all_surface,practical,126,70,1.000000000000e-03,1.000000000000e-01,100,1.823451290850e-01,3.286906991759e-04,1.817677346424e-01,1.829538417937e-01,1.177119783003e-01,1.172493142211e-01,1.181711490299e-01
suboff_0000_u3p5_v1_w0,3.640054944640e+00,extrapolation,all_surface,practical,126,70,5.000000000000e-03,5.000000000000e-01,100,1.822225684831e-01,1.627515620035e-03,1.796008741082e-01,1.854959829636e-01,1.176249635936e-01,1.156773218751e-01,1.200634591304e-01
suboff_0000_u3p5_v1_w0,3.640054944640e+00,extrapolation,all_surface,practical,126,70,1.000000000000e-02,1.000000000000e+00,100,1.824485059328e-01,3.466267220672e-03,1.757228351028e-01,1.885928827319e-01,1.177607608539e-01,1.128418711359e-01,1.224830723418e-01
suboff_0000_u3p5_v1_w0,3.640054944640e+00,extrapolation,all_surface,practical,126,70,2.000000000000e-02,2.000000000000e+00,100,1.825994857261e-01,6.526327094327e-03,1.694058710497e-01,1.954360987332e-01,1.178221703348e-01,1.081888725814e-01,1.273866725605e-01
suboff_0000_u3p5_v1_w0,3.640054944640e+00,extrapolation,all_surface,practical,126,70,5.000000000000e-02,5.000000000000e+00,100,1.892146877099e-01,1.416956164859e-02,1.618945651209e-01,2.161593998856e-01,1.222794942809e-01,1.032458053147e-01,1.415943318124e-01
