experiment,case_id,u_inf_m_s,v_inf_m_s,w_inf_m_s,speed_m_s,split_type,part_name,method,feature_set,sensor_count,requested_sensor_count,mode_count,requested_mode_count,noise_level,noise_percent,repeat,sampling_rank,condition_number,scaled_condition_number,runtime_ms,parameter_rbf_length_scale,parameter_rbf_noise,parameter_rbf_ridge,cp_rmse,cp_mae,cp_max_abs_error,cp_error_p95,cp_error_p99,cp_bias,cp_r2,cp_correlation,cp_area_weighted_relative_l2,cp_relative_l2_variance_normalized,observation_source,sensor_layout,solver,ridge_lambda_used,prior_lambda,sensor_weights_enabled,random_seed
parameter_rbf_prediction,suboff_0000_u-0p5_v-0p5_w-0p5,-5.000000000000e-01,-5.000000000000e-01,-5.000000000000e-01,8.660254037844e-01,interpolation,all_surface,rbf_kernel_ridge,uvw,0,0,70,70,0.000000000000e+00,0.000000000000e+00,0,0,,,,5.000000000000e-01,5.000000000000e-02,1.000000000000e-08,7.569482467641e-01,5.938924847060e-01,4.514884914095e+00,1.384925176161e+00,2.282408141482e+00,2.945038985876e-01,-8.893400794047e-01,2.031412146717e-01,1.060357201516e+00,1.331779428605e+00,,,,,,,
parameter_rbf_prediction,suboff_0000_u-0p5_v-0p5_w0p5,-5.000000000000e-01,-5.000000000000e-01,5.000000000000e-01,8.660254037844e-01,interpolation,all_surface,rbf_kernel_ridge,uvw,0,0,70,70,0.000000000000e+00,0.000000000000e+00,0,0,,,,5.000000000000e-01,5.000000000000e-02,1.000000000000e-08,5.062628648797e-01,3.488936418044e-01,5.104693223904e+00,1.012728355079e+00,1.898962909167e+00,-2.381936276772e-01,4.735715723871e-01,8.686351274184e-01,5.307457705005e-01,6.835082632626e-01,,,,,,,
parameter_rbf_prediction,suboff_0000_u-0p5_v-1_w-2,-5.000000000000e-01,-1.000000000000e+00,-2.000000000000e+00,2.291287847478e+00,interpolation,all_surface,rbf_kernel_ridge,uvw,0,0,70,70,0.000000000000e+00,0.000000000000e+00,0,0,,,,5.000000000000e-01,5.000000000000e-02,1.000000000000e-08,4.905656178384e-01,3.536329011425e-01,4.089911308437e+00,9.983095252447e-01,1.452807239434e+00,2.635749353004e-01,5.822502188341e-01,8.422706080679e-01,4.957955429444e-01,6.027546724816e-01,,,,,,,
parameter_rbf_prediction,suboff_0000_u-0p5_v0p5_w-0p5,-5.000000000000e-01,5.000000000000e-01,-5.000000000000e-01,8.660254037844e-01,interpolation,all_surface,rbf_kernel_ridge,uvw,0,0,70,70,0.000000000000e+00,0.000000000000e+00,0,0,,,,5.000000000000e-01,5.000000000000e-02,1.000000000000e-08,5.880045674105e-01,4.427872782656e-01,5.429686273103e+00,1.201983161893e+00,1.665015485197e+00,1.563382725659e-01,3.626490453046e-01,6.780722354429e-01,6.371849345766e-01,7.865327741325e-01,,,,,,,
parameter_rbf_prediction,suboff_0000_u-0p5_v0p5_w0p5,-5.000000000000e-01,5.000000000000e-01,5.000000000000e-01,8.660254037844e-01,interpolation,all_surface,rbf_kernel_ridge,uvw,0,0,70,70,0.000000000000e+00,0.000000000000e+00,0,0,,,,5.000000000000e-01,5.000000000000e-02,1.000000000000e-08,6.243218860882e-01,4.603092174559e-01,4.485234696691e+00,1.412421146611e+00,1.844890499697e+00,-2.384490940947e-01,1.425700481256e-01,5.774131369879e-01,7.458872875478e-01,9.160701940650e-01,,,,,,,
parameter_rbf_prediction,suboff_0000_u-0p5_v1_w2,-5.000000000000e-01,1.000000000000e+00,2.000000000000e+00,2.291287847478e+00,interpolation,all_surface,rbf_kernel_ridge,uvw,0,0,70,70,0.000000000000e+00,0.000000000000e+00,0,0,,,,5.000000000000e-01,5.000000000000e-02,1.000000000000e-08,2.230981804716e-01,1.840571261538e-01,1.831984039006e+00,4.006405611513e-01,6.048157806475e-01,-5.889161523785e-02,9.095438521231e-01,9.597117085606e-01,2.424213685340e-01,2.950275759090e-01,,,,,,,
parameter_rbf_prediction,suboff_0000_u-1p5_v-1p5_w0,-1.500000000000e+00,-1.500000000000e+00,0.000000000000e+00,2.121320343560e+00,interpolation,all_surface,rbf_kernel_ridge,uvw,0,0,70,70,0.000000000000e+00,0.000000000000e+00,0,0,,,,5.000000000000e-01,5.000000000000e-02,1.000000000000e-08,1.089501058065e+00,6.245777083671e-01,1.119943999247e+01,2.422401550407e+00,4.436649205081e+00,8.390591356764e-02,2.655606460830e-01,5.945246668270e-01,7.764799357925e-01,8.469697744863e-01,,,,,,,
parameter_rbf_prediction,suboff_0000_u-1p5_v0_w-1p5,-1.500000000000e+00,0.000000000000e+00,-1.500000000000e+00,2.121320343560e+00,interpolation,all_surface,rbf_kernel_ridge,uvw,0,0,70,70,0.000000000000e+00,0.000000000000e+00,0,0,,,,5.000000000000e-01,5.000000000000e-02,1.000000000000e-08,9.560768889799e-01,6.081511029660e-01,9.496565758403e+00,2.216938596817e+00,3.244415702363e+00,-2.813056979775e-01,-4.138101685646e+00,6.123502490612e-01,1.799643622213e+00,2.132122024062e+00,,,,,,,
parameter_rbf_prediction,suboff_0000_u-1p5_v0_w0,-1.500000000000e+00,0.000000000000e+00,0.000000000000e+00,1.500000000000e+00,interpolation,all_surface,rbf_kernel_ridge,uvw,0,0,70,70,0.000000000000e+00,0.000000000000e+00,0,0,,,,5.000000000000e-01,5.000000000000e-02,1.000000000000e-08,1.193914608002e+00,1.145047146352e+00,4.099689434174e+00,1.732472677767e+00,2.370941392937e+00,1.139362975525e+00,-6.443161389954e+00,6.518313929800e-01,2.600160320159e-01,2.834067913766e+00,,,,,,,
parameter_rbf_prediction,suboff_0000_u-1p5_v0_w1p5,-1.500000000000e+00,0.000000000000e+00,1.500000000000e+00,2.121320343560e+00,interpolation,all_surface,rbf_kernel_ridge,uvw,0,0,70,70,0.000000000000e+00,0.000000000000e+00,0,0,,,,5.000000000000e-01,5.000000000000e-02,1.000000000000e-08,2.341700828448e+00,1.385248317746e+00,2.609647689637e+01,5.205432258257e+00,8.417682230422e+00,1.023055679359e+00,-2.843610707450e-01,-2.959202252163e-02,9.822864619634e-01,1.138957794840e+00,,,,,,,
parameter_rbf_prediction,suboff_0000_u-1p5_v1p5_w0,-1.500000000000e+00,1.500000000000e+00,0.000000000000e+00,2.121320343560e+00,interpolation,all_surface,rbf_kernel_ridge,uvw,0,0,70,70,0.000000000000e+00,0.000000000000e+00,0,0,,,,5.000000000000e-01,5.000000000000e-02,1.000000000000e-08,5.809610627528e+00,5.207194941531e+00,3.294065916311e+01,1.011385491580e+01,1.485377484867e+01,5.033640238187e+00,-1.205503290040e+00,9.296127319454e-01,8.583445555701e-01,1.580217928636e+00,,,,,,,
parameter_rbf_prediction,suboff_0000_u-1_v-2_w0p5,-1.000000000000e+00,-2.000000000000e+00,5.000000000000e-01,2.291287847478e+00,interpolation,all_surface,rbf_kernel_ridge,uvw,0,0,70,70,0.000000000000e+00,0.000000000000e+00,0,0,,,,5.000000000000e-01,5.000000000000e-02,1.000000000000e-08,1.760696362484e-01,1.350494694396e-01,1.471638850538e+00,3.382820408000e-01,5.413561915349e-01,-7.682944783070e-02,9.391662222939e-01,9.761753803748e-01,1.967992151956e-01,2.410626690673e-01,,,,,,,
parameter_rbf_prediction,suboff_0000_u-1_v2_w0p5,-1.000000000000e+00,2.000000000000e+00,5.000000000000e-01,2.291287847478e+00,interpolation,all_surface,rbf_kernel_ridge,uvw,0,0,70,70,0.000000000000e+00,0.000000000000e+00,0,0,,,,5.000000000000e-01,5.000000000000e-02,1.000000000000e-08,1.752541811146e-01,1.273213015127e-01,1.649493420908e+00,3.849043495174e-01,5.241512817135e-01,-1.156189779112e-02,9.399783631252e-01,9.699541571344e-01,1.868619938864e-01,2.348913988537e-01,,,,,,,
parameter_rbf_prediction,suboff_0000_u-2p5_v0_w0,-2.500000000000e+00,0.000000000000e+00,0.000000000000e+00,2.500000000000e+00,interpolation,all_surface,rbf_kernel_ridge,uvw,0,0,70,70,0.000000000000e+00,0.000000000000e+00,0,0,,,,5.000000000000e-01,5.000000000000e-02,1.000000000000e-08,1.296612843574e+00,1.258215082765e+00,4.732180966324e+00,1.713562808475e+00,1.945457895275e+00,1.249263125549e+00,-4.720964794111e+00,7.813064131468e-01,2.451929715844e-01,2.592301433749e+00,,,,,,,
parameter_rbf_prediction,suboff_0000_u-2_v-1_w0p5,-2.000000000000e+00,-1.000000000000e+00,5.000000000000e-01,2.291287847478e+00,interpolation,all_surface,rbf_kernel_ridge,uvw,0,0,70,70,0.000000000000e+00,0.000000000000e+00,0,0,,,,5.000000000000e-01,5.000000000000e-02,1.000000000000e-08,2.464927722238e+00,2.430263249209e+00,5.910656999824e+00,2.935884094969e+00,3.440705108934e+00,-2.430137908081e+00,-1.100126694416e+01,8.197499420255e-01,2.358344770131e+00,3.699666613226e+00,,,,,,,
parameter_rbf_prediction,suboff_0000_u-2_v1_w0p5,-2.000000000000e+00,1.000000000000e+00,5.000000000000e-01,2.291287847478e+00,interpolation,all_surface,rbf_kernel_ridge,uvw,0,0,70,70,0.000000000000e+00,0.000000000000e+00,0,0,,,,5.000000000000e-01,5.000000000000e-02,1.000000000000e-08,5.143064134806e+00,4.771181671543e+00,2.077725171143e+01,7.445574482391e+00,9.680597017082e+00,4.648332475160e+00,-2.364914125163e+00,6.833885995992e-01,7.616236265555e-01,1.918070450554e+00,,,,,,,
parameter_rbf_prediction,suboff_0000_u-3p5_v-1_w0,-3.500000000000e+00,-1.000000000000e+00,0.000000000000e+00,3.640054944640e+00,extrapolation,all_surface,rbf_kernel_ridge,uvw,0,0,70,70,0.000000000000e+00,0.000000000000e+00,0,0,,,,5.000000000000e-01,5.000000000000e-02,1.000000000000e-08,5.579083825197e+00,5.534062367265e+00,1.028796971515e+01,6.603241005502e+00,7.776502311757e+00,5.534060980182e+00,-4.042430383967e+02,3.003532302343e-01,6.416709874842e-01,2.049124450368e+01,,,,,,,
parameter_rbf_prediction,suboff_0000_u-3p5_v0_w0,-3.500000000000e+00,0.000000000000e+00,0.000000000000e+00,3.500000000000e+00,extrapolation,all_surface,rbf_kernel_ridge,uvw,0,0,70,70,0.000000000000e+00,0.000000000000e+00,0,0,,,,5.000000000000e-01,5.000000000000e-02,1.000000000000e-08,3.012288025624e+00,2.966741696770e+00,6.081225033334e+00,3.655035130201e+00,4.106248259309e+00,2.966715524704e+00,-2.016777805366e+01,6.275627552820e-01,1.990586306261e+00,4.790346718493e+00,,,,,,,
parameter_rbf_prediction,suboff_0000_u0p5_v-0p5_w-0p5,5.000000000000e-01,-5.000000000000e-01,-5.000000000000e-01,8.660254037844e-01,interpolation,all_surface,rbf_kernel_ridge,uvw,0,0,70,70,0.000000000000e+00,0.000000000000e+00,0,0,,,,5.000000000000e-01,5.000000000000e-02,1.000000000000e-08,1.513331194790e+00,1.315461330469e+00,7.684326000288e+00,2.440566144043e+00,3.086443812538e+00,-1.174656258831e+00,-5.673080977552e-02,7.615643465628e-01,4.902722651668e-01,1.038856507201e+00,,,,,,,
parameter_rbf_prediction,suboff_0000_u0p5_v-0p5_w0p5,5.000000000000e-01,-5.000000000000e-01,5.000000000000e-01,8.660254037844e-01,interpolation,all_surface,rbf_kernel_ridge,uvw,0,0,70,70,0.000000000000e+00,0.000000000000e+00,0,0,,,,5.000000000000e-01,5.000000000000e-02,1.000000000000e-08,5.467239707549e-01,4.343031382565e-01,2.302177934132e+00,1.069162754407e+00,1.472925276093e+00,2.438324993029e-01,3.755479087723e-01,7.253728876548e-01,6.072502059187e-01,7.903659364462e-01,,,,,,,
parameter_rbf_prediction,suboff_0000_u0p5_v-1_w-2,5.000000000000e-01,-1.000000000000e+00,-2.000000000000e+00,2.291287847478e+00,interpolation,all_surface,rbf_kernel_ridge,uvw,0,0,70,70,0.000000000000e+00,0.000000000000e+00,0,0,,,,5.000000000000e-01,5.000000000000e-02,1.000000000000e-08,1.912459420292e+00,1.632052160173e+00,5.542911863980e+00,3.238913007996e+00,3.539326742774e+00,1.606451693146e+00,-4.040286639153e+00,1.599983771076e-01,2.227904982206e+00,2.248284967543e+00,,,,,,,
parameter_rbf_prediction,suboff_0000_u0p5_v0p5_w-0p5,5.000000000000e-01,5.000000000000e-01,-5.000000000000e-01,8.660254037844e-01,interpolation,all_surface,rbf_kernel_ridge,uvw,0,0,70,70,0.000000000000e+00,0.000000000000e+00,0,0,,,,5.000000000000e-01,5.000000000000e-02,1.000000000000e-08,1.043871032117e+00,8.797718710125e-01,8.948634681677e+00,1.738015595456e+00,2.353255030578e+00,-4.888444943595e-01,4.984251065487e-01,7.801147631807e-01,5.044739389342e-01,7.068820236987e-01,,,,,,,
parameter_rbf_prediction,suboff_0000_u0p5_v0p5_w0p5,5.000000000000e-01,5.000000000000e-01,5.000000000000e-01,8.660254037844e-01,interpolation,all_surface,rbf_kernel_ridge,uvw,0,0,70,70,0.000000000000e+00,0.000000000000e+00,0,0,,,,5.000000000000e-01,5.000000000000e-02,1.000000000000e-08,5.559093717777e-01,4.477851747105e-01,1.919717487227e+00,1.038884808325e+00,1.434288474673e+00,1.854123230275e-01,3.554486175900e-01,6.657870784606e-01,6.185600372665e-01,8.094172412133e-01,,,,,,,
parameter_rbf_prediction,suboff_0000_u0p5_v1_w2,5.000000000000e-01,1.000000000000e+00,2.000000000000e+00,2.291287847478e+00,interpolation,all_surface,rbf_kernel_ridge,uvw,0,0,70,70,0.000000000000e+00,0.000000000000e+00,0,0,,,,5.000000000000e-01,5.000000000000e-02,1.000000000000e-08,1.675998340727e+00,1.654850354095e+00,2.738046561135e+00,2.026555925041e+00,2.202168100589e+00,-1.654702257522e+00,-2.862221588961e+00,9.502340182117e-01,1.465556535898e+00,1.961971999241e+00,,,,,,,
parameter_rbf_prediction,suboff_0000_u0_v-1p5_w-1p5,0.000000000000e+00,-1.500000000000e+00,-1.500000000000e+00,2.121320343560e+00,interpolation,all_surface,rbf_kernel_ridge,uvw,0,0,70,70,0.000000000000e+00,0.000000000000e+00,0,0,,,,5.000000000000e-01,5.000000000000e-02,1.000000000000e-08,1.659273161824e+00,1.624168896554e+00,3.322894173761e+00,2.180852877165e+00,2.579706128696e+00,1.623721068922e+00,-3.129543796347e+00,9.111296071756e-01,1.672626554367e+00,2.040029108234e+00,,,,,,,
parameter_rbf_prediction,suboff_0000_u0_v-1p5_w0,0.000000000000e+00,-1.500000000000e+00,0.000000000000e+00,1.500000000000e+00,interpolation,all_surface,rbf_kernel_ridge,uvw,0,0,70,70,0.000000000000e+00,0.000000000000e+00,0,0,,,,5.000000000000e-01,5.000000000000e-02,1.000000000000e-08,4.432660722385e-02,3.415302235546e-02,4.377740262083e-01,8.405411881857e-02,1.367214363186e-01,9.830054676576e-03,9.970346211347e-01,9.986775322571e-01,4.406041878449e-02,5.266811409727e-02,,,,,,,
parameter_rbf_prediction,suboff_0000_u0_v-1p5_w1p5,0.000000000000e+00,-1.500000000000e+00,1.500000000000e+00,2.121320343560e+00,interpolation,all_surface,rbf_kernel_ridge,uvw,0,0,70,70,0.000000000000e+00,0.000000000000e+00,0,0,,,,5.000000000000e-01,5.000000000000e-02,1.000000000000e-08,3.556865915066e-01,2.974876779751e-01,2.331160525209e+00,6.581470539085e-01,9.180269763963e-01,-2.281694526279e-01,7.936349233862e-01,9.376784523371e-01,3.601846520710e-01,4.419656714287e-01,,,,,,,
parameter_rbf_prediction,suboff_0000_u0_v-2p5_w0,0.000000000000e+00,-2.500000000000e+00,0.000000000000e+00,2.500000000000e+00,interpolation,all_surface,rbf_kernel_ridge,uvw,0,0,70,70,0.000000000000e+00,0.000000000000e+00,0,0,,,,5.000000000000e-01,5.000000000000e-02,1.000000000000e-08,6.217850675223e-02,3.860939556522e-02,7.734225839131e-01,1.103406685658e-01,2.580599211597e-01,-1.939886828044e-02,9.942377989714e-01,9.976214940309e-01,6.281970683642e-02,7.501423844903e-02,,,,,,,
parameter_rbf_prediction,suboff_0000_u0_v-3p5_w0,0.000000000000e+00,-3.500000000000e+00,0.000000000000e+00,3.500000000000e+00,extrapolation,all_surface,rbf_kernel_ridge,uvw,0,0,70,70,0.000000000000e+00,0.000000000000e+00,0,0,,,,5.000000000000e-01,5.000000000000e-02,1.000000000000e-08,1.467044852917e-01,1.127444001308e-01,7.708973278101e-01,2.945174408242e-01,3.872914012914e-01,8.925899227150e-02,9.688649370710e-01,9.959596802013e-01,1.478361871851e-01,1.766933638499e-01,,,,,,,
parameter_rbf_prediction,suboff_0000_u0_v0_w-1p5,0.000000000000e+00,0.000000000000e+00,-1.500000000000e+00,1.500000000000e+00,interpolation,all_surface,rbf_kernel_ridge,uvw,0,0,70,70,0.000000000000e+00,0.000000000000e+00,0,0,,,,5.000000000000e-01,5.000000000000e-02,1.000000000000e-08,7.922709349133e-02,6.683591466287e-02,5.259031586787e-01,1.407363135040e-01,1.831635417734e-01,1.772597941233e-02,9.906059445047e-01,9.965711121752e-01,8.162908429059e-02,9.740577035153e-02,,,,,,,
parameter_rbf_prediction,suboff_0000_u0_v0_w-2p5,0.000000000000e+00,0.000000000000e+00,-2.500000000000e+00,2.500000000000e+00,interpolation,all_surface,rbf_kernel_ridge,uvw,0,0,70,70,0.000000000000e+00,0.000000000000e+00,0,0,,,,5.000000000000e-01,5.000000000000e-02,1.000000000000e-08,8.964902079569e-02,6.039376747901e-02,8.530797663121e-01,1.915438487876e-01,3.471982103288e-01,-1.747002670424e-02,9.882501411370e-01,9.943321090458e-01,9.203105407080e-02,1.098500649975e-01,,,,,,,
parameter_rbf_prediction,suboff_0000_u0_v0_w-3p5,0.000000000000e+00,0.000000000000e+00,-3.500000000000e+00,3.500000000000e+00,extrapolation,all_surface,rbf_kernel_ridge,uvw,0,0,70,70,0.000000000000e+00,0.000000000000e+00,0,0,,,,5.000000000000e-01,5.000000000000e-02,1.000000000000e-08,1.482157263465e-01,1.147062644852e-01,7.983223425558e-01,2.944013971332e-01,4.581650917715e-01,9.486996295773e-02,9.690089351241e-01,9.917044148457e-01,1.488400085782e-01,1.776255595365e-01,,,,,,,
parameter_rbf_prediction,suboff_0000_u0_v0_w1p5,0.000000000000e+00,0.000000000000e+00,1.500000000000e+00,1.500000000000e+00,interpolation,all_surface,rbf_kernel_ridge,uvw,0,0,70,70,0.000000000000e+00,0.000000000000e+00,0,0,,,,5.000000000000e-01,5.000000000000e-02,1.000000000000e-08,5.392811818756e-01,4.676034858257e-01,2.009042039657e+00,8.527519663619e-01,9.820916038971e-01,2.717717149747e-02,5.390166132373e-01,7.440148823565e-01,5.569337744885e-01,6.791112592629e-01,,,,,,,
parameter_rbf_prediction,suboff_0000_u0_v0_w2p5,0.000000000000e+00,0.000000000000e+00,2.500000000000e+00,2.500000000000e+00,interpolation,all_surface,rbf_kernel_ridge,uvw,0,0,70,70,0.000000000000e+00,0.000000000000e+00,0,0,,,,5.000000000000e-01,5.000000000000e-02,1.000000000000e-08,6.091887965789e-01,5.252344724815e-01,1.890564155978e+00,9.688572613932e-01,1.157715985847e+00,4.696803291616e-03,4.341991540867e-01,6.941293386340e-01,6.165837374755e-01,7.519589431993e-01,,,,,,,
parameter_rbf_prediction,suboff_0000_u0_v0_w3p5,0.000000000000e+00,0.000000000000e+00,3.500000000000e+00,3.500000000000e+00,extrapolation,all_surface,rbf_kernel_ridge,uvw,0,0,70,70,0.000000000000e+00,0.000000000000e+00,0,0,,,,5.000000000000e-01,5.000000000000e-02,1.000000000000e-08,4.986980731741e-01,4.270630633049e-01,2.353127728334e+00,8.109987403532e-01,1.161401549069e+00,7.544993214195e-02,6.329104761814e-01,8.973859038042e-01,4.946603272595e-01,6.033092067839e-01,,,,,,,
parameter_rbf_prediction,suboff_0000_u0_v1p5_w-1p5,0.000000000000e+00,1.500000000000e+00,-1.500000000000e+00,2.121320343560e+00,interpolation,all_surface,rbf_kernel_ridge,uvw,0,0,70,70,0.000000000000e+00,0.000000000000e+00,0,0,,,,5.000000000000e-01,5.000000000000e-02,1.000000000000e-08,8.337856587698e-01,7.586279961086e-01,2.447796053989e+00,1.406189641565e+00,1.814116451723e+00,7.532356770500e-01,-4.973170706796e-02,9.038927174543e-01,8.441430098317e-01,1.027260601890e+00,,,,,,,
parameter_rbf_prediction,suboff_0000_u0_v1p5_w0,0.000000000000e+00,1.500000000000e+00,0.000000000000e+00,1.500000000000e+00,interpolation,all_surface,rbf_kernel_ridge,uvw,0,0,70,70,0.000000000000e+00,0.000000000000e+00,0,0,,,,5.000000000000e-01,5.000000000000e-02,1.000000000000e-08,5.805570063553e-02,4.136483536948e-02,4.896477860829e-01,1.111497193465e-01,1.952778276760e-01,9.719130952544e-03,9.949320038316e-01,9.975571356316e-01,5.753422478343e-02,6.870381050707e-02,,,,,,,
parameter_rbf_prediction,suboff_0000_u0_v1p5_w1p5,0.000000000000e+00,1.500000000000e+00,1.500000000000e+00,2.121320343560e+00,interpolation,all_surface,rbf_kernel_ridge,uvw,0,0,70,70,0.000000000000e+00,0.000000000000e+00,0,0,,,,5.000000000000e-01,5.000000000000e-02,1.000000000000e-08,2.944907038728e-01,2.132221296409e-01,2.477060208195e+00,6.507057338936e-01,9.176219939121e-01,-4.339172406147e-02,8.580322968251e-01,9.286436760809e-01,2.934527881363e-01,3.599475122279e-01,,,,,,,
parameter_rbf_prediction,suboff_0000_u0_v2p5_w0,0.000000000000e+00,2.500000000000e+00,0.000000000000e+00,2.500000000000e+00,interpolation,all_surface,rbf_kernel_ridge,uvw,0,0,70,70,0.000000000000e+00,0.000000000000e+00,0,0,,,,5.000000000000e-01,5.000000000000e-02,1.000000000000e-08,6.962672793792e-02,4.662315558082e-02,5.614686899762e-01,1.562643316434e-01,2.521891539860e-01,-2.406582104086e-02,9.927360033817e-01,9.972038518769e-01,6.964453893176e-02,8.298433418599e-02,,,,,,,
parameter_rbf_prediction,suboff_0000_u0_v3p5_w0,0.000000000000e+00,3.500000000000e+00,0.000000000000e+00,3.500000000000e+00,extrapolation,all_surface,rbf_kernel_ridge,uvw,0,0,70,70,0.000000000000e+00,0.000000000000e+00,0,0,,,,5.000000000000e-01,5.000000000000e-02,1.000000000000e-08,1.694312398300e-01,1.219815443654e-01,7.596329379423e-01,3.632637681505e-01,5.341798735317e-01,9.439295185385e-02,9.593376668843e-01,9.931071483685e-01,1.691610050961e-01,2.021730085612e-01,,,,,,,
parameter_rbf_prediction,suboff_0000_u1p5_v-1p5_w0,1.500000000000e+00,-1.500000000000e+00,0.000000000000e+00,2.121320343560e+00,interpolation,all_surface,rbf_kernel_ridge,uvw,0,0,70,70,0.000000000000e+00,0.000000000000e+00,0,0,,,,5.000000000000e-01,5.000000000000e-02,1.000000000000e-08,3.253029150399e+00,3.197652388019e+00,6.525376043613e+00,4.107879890357e+00,4.900102943220e+00,3.191498658641e+00,-1.396561224921e+01,7.618056866886e-01,1.511404797828e+00,4.021787180902e+00,,,,,,,
parameter_rbf_prediction,suboff_0000_u1p5_v0_w-1p5,1.500000000000e+00,0.000000000000e+00,-1.500000000000e+00,2.121320343560e+00,interpolation,all_surface,rbf_kernel_ridge,uvw,0,0,70,70,0.000000000000e+00,0.000000000000e+00,0,0,,,,5.000000000000e-01,5.000000000000e-02,1.000000000000e-08,7.003902692023e+00,6.955509140232e+00,1.330302365835e+01,8.142159333505e+00,8.956099636388e+00,6.955509140232e+00,-1.082751289701e+01,9.166230886356e-01,1.484094786273e+00,3.456330619396e+00,,,,,,,
parameter_rbf_prediction,suboff_0000_u1p5_v0_w0,1.500000000000e+00,0.000000000000e+00,0.000000000000e+00,1.500000000000e+00,interpolation,all_surface,rbf_kernel_ridge,uvw,0,0,70,70,0.000000000000e+00,0.000000000000e+00,0,0,,,,5.000000000000e-01,5.000000000000e-02,1.000000000000e-08,5.316201956882e+00,5.315988911403e+00,5.699507042408e+00,5.382406012535e+00,5.469879779390e+00,5.315988911403e+00,-8.028953925884e+02,9.685299073263e-01,1.178813684907e+00,3.113762914667e+01,,,,,,,
parameter_rbf_prediction,suboff_0000_u1p5_v0_w1p5,1.500000000000e+00,0.000000000000e+00,1.500000000000e+00,2.121320343560e+00,interpolation,all_surface,rbf_kernel_ridge,uvw,0,0,70,70,0.000000000000e+00,0.000000000000e+00,0,0,,,,5.000000000000e-01,5.000000000000e-02,1.000000000000e-08,4.879936355709e-01,3.903362231984e-01,3.943052613196e+00,8.473692492941e-01,1.201486155383e+00,-2.318138681021e-01,1.216575398927e-01,5.963519380502e-01,7.400388422093e-01,9.362160328921e-01,,,,,,,
parameter_rbf_prediction,suboff_0000_u1p5_v1p5_w0,1.500000000000e+00,1.500000000000e+00,0.000000000000e+00,2.121320343560e+00,interpolation,all_surface,rbf_kernel_ridge,uvw,0,0,70,70,0.000000000000e+00,0.000000000000e+00,0,0,,,,5.000000000000e-01,5.000000000000e-02,1.000000000000e-08,3.542908632399e+00,3.492092669587e+00,6.459832336257e+00,4.405043376050e+00,5.178526992104e+00,3.486054292432e+00,-1.675944384290e+01,7.587285727114e-01,1.176624891888e+00,4.383120401732e+00,,,,,,,
parameter_rbf_prediction,suboff_0000_u1_v-2_w0p5,1.000000000000e+00,-2.000000000000e+00,5.000000000000e-01,2.291287847478e+00,interpolation,all_surface,rbf_kernel_ridge,uvw,0,0,70,70,0.000000000000e+00,0.000000000000e+00,0,0,,,,5.000000000000e-01,5.000000000000e-02,1.000000000000e-08,6.521201679873e-01,6.172458117499e-01,2.479755348467e+00,9.396733946942e-01,1.302065555894e+00,6.099432520505e-01,2.838471101175e-01,9.543467920342e-01,5.589391060174e-01,8.511083597625e-01,,,,,,,
parameter_rbf_prediction,suboff_0000_u1_v2_w0p5,1.000000000000e+00,2.000000000000e+00,5.000000000000e-01,2.291287847478e+00,interpolation,all_surface,rbf_kernel_ridge,uvw,0,0,70,70,0.000000000000e+00,0.000000000000e+00,0,0,,,,5.000000000000e-01,5.000000000000e-02,1.000000000000e-08,8.411925755333e-01,8.089426880528e-01,2.687694253001e+00,1.151168779829e+00,1.528585413295e+00,8.059196869638e-01,-1.818836277480e-01,9.502426768312e-01,5.914559749545e-01,1.095852357451e+00,,,,,,,
parameter_rbf_prediction,suboff_0000_u2p5_v0_w0,2.500000000000e+00,0.000000000000e+00,0.000000000000e+00,2.500000000000e+00,interpolation,all_surface,rbf_kernel_ridge,uvw,0,0,70,70,0.000000000000e+00,0.000000000000e+00,0,0,,,,5.000000000000e-01,5.000000000000e-02,1.000000000000e-08,5.607682317569e+00,5.607228291092e+00,6.221251344533e+00,5.716432362042e+00,5.752607525511e+00,5.607228291092e+00,-7.456627643608e+02,9.388381554321e-01,1.245380966061e+00,2.949398306245e+01,,,,,,,
parameter_rbf_prediction,suboff_0000_u2_v-1_w0p5,2.000000000000e+00,-1.000000000000e+00,5.000000000000e-01,2.291287847478e+00,interpolation,all_surface,rbf_kernel_ridge,uvw,0,0,70,70,0.000000000000e+00,0.000000000000e+00,0,0,,,,5.000000000000e-01,5.000000000000e-02,1.000000000000e-08,2.170355473789e+00,2.127993866406e+00,5.802413436412e+00,2.764329104448e+00,3.202030421419e+00,2.127425868499e+00,-5.249285714629e+01,4.148360710191e-01,9.317705129996e-01,7.829605080567e+00,,,,,,,
parameter_rbf_prediction,suboff_0000_u2_v1_w0p5,2.000000000000e+00,1.000000000000e+00,5.000000000000e-01,2.291287847478e+00,interpolation,all_surface,rbf_kernel_ridge,uvw,0,0,70,70,0.000000000000e+00,0.000000000000e+00,0,0,,,,5.000000000000e-01,5.000000000000e-02,1.000000000000e-08,3.948624034484e+00,3.938379253495e+00,6.796303263568e+00,4.355555483663e+00,4.520937529783e+00,3.938379253495e+00,-1.725832815098e+02,6.417611229301e-01,1.281076765177e+00,1.421910116934e+01,,,,,,,
parameter_rbf_prediction,suboff_0000_u3p5_v0_w0,3.500000000000e+00,0.000000000000e+00,0.000000000000e+00,3.500000000000e+00,extrapolation,all_surface,rbf_kernel_ridge,uvw,0,0,70,70,0.000000000000e+00,0.000000000000e+00,0,0,,,,5.000000000000e-01,5.000000000000e-02,1.000000000000e-08,2.841347980621e-01,2.737619817034e-01,8.975057205186e-01,3.969119698966e-01,4.943712252723e-01,-2.732497315762e-01,-9.439789704554e-01,9.280406365081e-01,3.032815023768e-01,1.521530990343e+00,,,,,,,
parameter_rbf_prediction,suboff_0000_u3p5_v1_w0,3.500000000000e+00,1.000000000000e+00,0.000000000000e+00,3.640054944640e+00,extrapolation,all_surface,rbf_kernel_ridge,uvw,0,0,70,70,0.000000000000e+00,0.000000000000e+00,0,0,,,,5.000000000000e-01,5.000000000000e-02,1.000000000000e-08,5.527461085503e-01,4.271124722802e-01,6.185650621811e+00,1.036758982665e+00,1.286997145073e+00,-1.527099162355e-01,-2.480371619375e+00,2.741219316001e-01,3.591278028442e-01,2.000568723248e+00,,,,,,,
