case_id,u_inf_m_s,v_inf_m_s,w_inf_m_s,speed_m_s,group_name,face_count,cp_truth_min,cp_truth_max,cp_prediction_min,cp_prediction_max,cp_error_mean,cp_error_rmse,cp_error_mae,cp_error_max_abs,cp_error_p95,cp_error_p99,cp_r2,cp_relative_l2_variance_normalized
suboff_0000_u-0p5_v-0p5_w-0p5,-5.0000000000e-01,-5.0000000000e-01,-5.0000000000e-01,8.6602540378e-01,Group_A,121772,-3.9248862035e+00,9.1328133413e-01,-4.0348720915e+00,1.1937699499e+00,4.9900701123e-03,1.1251989901e-01,7.8482661391e-02,1.2498761746e+00,2.2486163846e-01,3.8992910371e-01,9.5825192739e-01,
suboff_0000_u-0p5_v-0p5_w0p5,-5.0000000000e-01,-5.0000000000e-01,5.0000000000e-01,8.6602540378e-01,Group_A,121772,-5.5027032985e+00,3.0694005784e+00,-6.1578884868e+00,2.0693320718e+00,2.9955371043e-02,1.3740695010e-01,9.6702928727e-02,1.7264411032e+00,2.7175328404e-01,4.2981488523e-01,9.6122028716e-01,
suboff_0000_u-0p5_v0p5_w-0p5,-5.0000000000e-01,5.0000000000e-01,-5.0000000000e-01,8.6602540378e-01,Group_A,121772,-4.6635475782e+00,3.4973539242e+00,-5.8578301180e+00,1.9954224125e+00,2.9161165596e-02,1.6310272015e-01,1.0785512030e-01,2.3982654035e+00,3.1168016677e-01,5.8263545136e-01,9.5096122084e-01,
suboff_0000_u-0p5_v0p5_w0p5,-5.0000000000e-01,5.0000000000e-01,5.0000000000e-01,8.6602540378e-01,Group_A,121772,-5.0377983416e+00,2.7171225108e+00,-5.3946825900e+00,1.9536698021e+00,-3.6996062194e-02,1.4419798581e-01,1.0027593587e-01,1.6169059464e+00,2.8451037452e-01,5.0528517345e-01,9.5425960413e-01,
suboff_0000_u0p5_v-0p5_w-0p5,5.0000000000e-01,-5.0000000000e-01,-5.0000000000e-01,8.6602540378e-01,Group_A,121772,-5.7772042079e+00,6.4365689853e+00,-6.2235524555e+00,6.3880085494e+00,1.5608786851e-02,1.2158363799e-01,8.1455555140e-02,2.7718985931e+00,2.3883643675e-01,3.9891077323e-01,9.9317902168e-01,
suboff_0000_u0p5_v-0p5_w0p5,5.0000000000e-01,-5.0000000000e-01,5.0000000000e-01,8.6602540378e-01,Group_A,121772,-7.1459309372e+00,1.0285195903e+00,-6.6282269574e+00,1.1952503345e+00,2.1382065478e-02,1.4895444145e-01,1.0126058785e-01,2.2856561567e+00,2.8519882525e-01,4.3195859579e-01,9.5364785807e-01,
suboff_0000_u0p5_v0p5_w-0p5,5.0000000000e-01,5.0000000000e-01,-5.0000000000e-01,8.6602540378e-01,Group_A,121772,-7.8148015246e+00,5.1643371687e+00,-8.2221246982e+00,5.1514383384e+00,1.3768704243e-02,1.3162916966e-01,8.4847705134e-02,2.2684206281e+00,2.8162657199e-01,4.3261736277e-01,9.9202471189e-01,
suboff_0000_u0p5_v0p5_w0p5,5.0000000000e-01,5.0000000000e-01,5.0000000000e-01,8.6602540378e-01,Group_A,121772,-6.6066597672e+00,1.0265085641e+00,-6.4300081496e+00,1.0629250087e+00,-3.9640745420e-02,1.4483278101e-01,9.9108659411e-02,1.6216098420e+00,2.9440844181e-01,4.9034582831e-01,9.5624947260e-01,
suboff_0000_u1p5_v0_w0,1.5000000000e+00,0.0000000000e+00,0.0000000000e+00,1.5000000000e+00,Group_A,121772,-6.7429522189e+00,-2.7176251343e+00,-5.7737861355e+00,-1.4244212202e+00,4.0665949557e-02,2.2831510269e-01,1.6073282634e-01,2.4695670284e+00,4.7418395118e-01,7.3084695437e-01,-4.8274298606e-01,
suboff_0000_u0_v1p5_w0,0.0000000000e+00,1.5000000000e+00,0.0000000000e+00,1.5000000000e+00,Group_A,121772,-3.5138460773e+00,1.0359569528e+00,-3.7206909166e+00,1.3850157777e+00,3.9320423050e-02,1.4090900228e-01,1.0121080487e-01,9.0360275550e-01,2.7966412885e-01,4.7964492291e-01,9.7014452286e-01,
suboff_0000_u0_v0_w1p5,0.0000000000e+00,0.0000000000e+00,1.5000000000e+00,1.5000000000e+00,Group_A,121772,-4.4900699334e+00,1.0283696818e+00,-3.9022360443e+00,1.5217608010e+00,3.5080974448e-02,1.8162617619e-01,1.3529014081e-01,1.4408755883e+00,3.6229720737e-01,5.2877447889e-01,9.4771084520e-01,
suboff_0000_u0_v-1p5_w0,0.0000000000e+00,-1.5000000000e+00,0.0000000000e+00,1.5000000000e+00,Group_A,121772,-3.5565049851e+00,1.0268225003e+00,-3.5364140402e+00,1.2727032092e+00,3.6645688964e-02,1.1992392094e-01,8.9450980545e-02,9.2246299735e-01,2.3636537942e-01,3.7688290596e-01,9.7829484738e-01,
suboff_0000_u-1p5_v0_w0,-1.5000000000e+00,0.0000000000e+00,0.0000000000e+00,1.5000000000e+00,Group_A,121772,-6.4907896093e+00,-2.4484665841e+00,-7.7673606597e+00,-2.9434085496e+00,-9.9200543374e-04,2.4644663319e-01,1.7084653830e-01,2.2177040637e+00,5.3427651021e-01,7.5256363613e-01,6.8285586609e-01,
suboff_0000_u0_v0_w-1p5,0.0000000000e+00,0.0000000000e+00,-1.5000000000e+00,1.5000000000e+00,Group_A,121772,-2.8267618290e+00,1.0264772585e+00,-2.9810797719e+00,1.7034037405e+00,2.3159718517e-02,1.1818890812e-01,8.4820638636e-02,9.3316511456e-01,2.3708321807e-01,4.1309780711e-01,9.7909456952e-01,
suboff_0000_u0_v1p5_w1p5,0.0000000000e+00,1.5000000000e+00,1.5000000000e+00,2.1213203436e+00,Group_A,121772,-3.6207151331e+00,1.0250652633e+00,-3.4819966708e+00,1.1094890636e+00,3.8922856258e-02,2.1841291333e-01,1.5780543862e-01,2.1662885511e+00,4.5645080120e-01,6.3326373296e-01,9.2190863762e-01,
suboff_0000_u1p5_v0_w1p5,1.5000000000e+00,0.0000000000e+00,1.5000000000e+00,2.1213203436e+00,Group_A,121772,-8.9309251636e+00,1.0413236904e+00,-5.4475769791e+00,1.9039120167e+00,5.1351936280e-02,2.7968536139e-01,2.0091728136e-01,3.4833481845e+00,5.7432754840e-01,8.5675058994e-01,7.1148059094e-01,
suboff_0000_u1p5_v0_w-1p5,1.5000000000e+00,0.0000000000e+00,-1.5000000000e+00,2.1213203436e+00,Group_A,121772,-1.4615284415e+01,1.3356428386e+00,-1.0665817954e+01,7.9147138497e+00,2.3455829510e-01,8.5792508211e-01,6.0335214700e-01,1.1999084890e+01,1.7438437676e+00,3.1010836931e+00,8.2253531076e-01,
suboff_0000_u1p5_v-1p5_w0,1.5000000000e+00,-1.5000000000e+00,0.0000000000e+00,2.1213203436e+00,Group_A,121772,-9.3483636513e+00,-8.0080830006e-02,-8.2541885677e+00,1.6028640243e+00,1.0604826558e-01,4.7197579399e-01,3.3200380933e-01,4.5093932677e+00,9.7060803765e-01,1.7188140364e+00,6.8496556283e-01,
suboff_0000_u0_v1p5_w-1p5,0.0000000000e+00,1.5000000000e+00,-1.5000000000e+00,2.1213203436e+00,Group_A,121772,-4.4023283560e+00,1.0304918921e+00,-4.2252186361e+00,1.2207536661e+00,3.4751073498e-02,2.1152916161e-01,1.4565277422e-01,1.9302785977e+00,4.4661172362e-01,6.5412756387e-01,9.3243683755e-01,
suboff_0000_u1p5_v1p5_w0,1.5000000000e+00,1.5000000000e+00,0.0000000000e+00,2.1213203436e+00,Group_A,121772,-1.0565749039e+01,-9.8617903564e-01,-8.7577368471e+00,1.5310368338e+00,1.1924559734e-01,4.9802462522e-01,3.6026728065e-01,3.5534583846e+00,1.0498150761e+00,1.6226275900e+00,6.4907760003e-01,
suboff_0000_u0_v-1p5_w-1p5,0.0000000000e+00,-1.5000000000e+00,-1.5000000000e+00,2.1213203436e+00,Group_A,121772,-4.9875138268e+00,1.0263008603e+00,-4.3723306132e+00,1.4907831629e+00,7.8006377823e-02,2.7419365175e-01,1.9740244352e-01,2.3577753267e+00,5.7677744841e-01,8.5963708257e-01,8.8723324318e-01,
suboff_0000_u-1p5_v1p5_w0,-1.5000000000e+00,1.5000000000e+00,0.0000000000e+00,2.1213203436e+00,Group_A,121772,-4.1959085580e+01,2.0686756712e+01,-3.9671585704e+01,1.6907663795e+01,1.6347107517e-01,1.1247403382e+00,8.1192242337e-01,1.1459741356e+01,2.3050423933e+00,3.3005793693e+00,9.1733566046e-01,
suboff_0000_u-1p5_v0_w1p5,-1.5000000000e+00,0.0000000000e+00,1.5000000000e+00,2.1213203436e+00,Group_A,121772,-2.5840435900e+01,1.8135445152e+01,-1.8648160193e+01,1.3848192111e+01,-6.6972973139e-02,9.9055469476e-01,6.7566106883e-01,1.0907706124e+01,2.0288278405e+00,3.7162914546e+00,7.7018348442e-01,
suboff_0000_u-1p5_v0_w-1p5,-1.5000000000e+00,0.0000000000e+00,-1.5000000000e+00,2.1213203436e+00,Group_A,121772,-3.0282406693e+00,9.0487095830e-01,-3.5134594137e+00,1.1430142573e+00,3.9736535403e-03,1.6009016706e-01,1.2061071455e-01,1.4677804895e+00,3.2573330866e-01,4.6041878383e-01,8.5593901824e-01,
suboff_0000_u-1p5_v-1p5_w0,-1.5000000000e+00,-1.5000000000e+00,0.0000000000e+00,2.1213203436e+00,Group_A,121772,-1.3433150846e+01,8.0823651860e+00,-7.2302053043e+00,7.5189741413e+00,1.2624600933e-01,6.3566845819e-01,4.1495169438e-01,7.3314234384e+00,1.2310825622e+00,2.3269555833e+00,7.4998736819e-01,
suboff_0000_u0_v-1p5_w1p5,0.0000000000e+00,-1.5000000000e+00,1.5000000000e+00,2.1213203436e+00,Group_A,121772,-6.2590121563e+00,1.0280203207e+00,-6.0821228634e+00,1.3178924354e+00,1.2754438573e-02,2.0152835170e-01,1.3918844776e-01,2.3156617540e+00,3.9729656322e-01,7.0790020703e-01,9.3375188564e-01,
suboff_0000_u2_v1_w0p5,2.0000000000e+00,1.0000000000e+00,5.0000000000e-01,2.2912878475e+00,Group_A,121772,-7.3845961983e+00,-1.7305305177e+00,-5.3125615627e+00,4.8294380180e-02,3.1646858644e-02,2.3089788118e-01,1.5838773139e-01,3.6215311086e+00,4.5487572457e-01,7.8173979299e-01,4.0645148845e-01,
suboff_0000_u2_v-1_w0p5,2.0000000000e+00,-1.0000000000e+00,5.0000000000e-01,2.2912878475e+00,Group_A,121772,-6.4130391205e+00,-1.0075623237e+00,-4.8945357890e+00,5.1306386833e-01,4.2589384638e-02,2.2888479195e-01,1.5454308899e-01,3.3128725679e+00,4.6231305224e-01,8.0319893638e-01,4.0506718039e-01,
suboff_0000_u1_v-2_w0p5,1.0000000000e+00,-2.0000000000e+00,5.0000000000e-01,2.2912878475e+00,Group_A,121772,-6.4460505406e+00,7.6069927721e-01,-6.3238800152e+00,1.0980136094e+00,-3.1814076913e-02,1.8448599768e-01,1.3843696293e-01,1.3967283623e+00,3.5383630397e-01,5.8551427702e-01,9.4268381132e-01,
suboff_0000_u0p5_v1_w2,5.0000000000e-01,1.0000000000e+00,2.0000000000e+00,2.2912878475e+00,Group_A,121772,-2.8016036330e+00,2.4506973576e+00,-2.3012884440e+00,2.7211948181e+00,4.3535118689e-02,2.8089055859e-01,2.0779007086e-01,3.1797700619e+00,5.6494757620e-01,8.1395694180e-01,8.9151634673e-01,
suboff_0000_u0p5_v-1_w-2,5.0000000000e-01,-1.0000000000e+00,-2.0000000000e+00,2.2912878475e+00,Group_A,121772,-4.9659747061e+00,1.8058150310e+00,-5.3345503647e+00,2.0862071114e+00,-2.5709048599e-02,2.3581007010e-01,1.6947018997e-01,2.5552264672e+00,4.9271239690e-01,6.8195478877e-01,9.2337059164e-01,
suboff_0000_u1_v2_w0p5,1.0000000000e+00,2.0000000000e+00,5.0000000000e-01,2.2912878475e+00,Group_A,121772,-6.3891277119e+00,4.4328998304e-01,-6.1097043353e+00,1.7500271637e+00,-3.4987828064e-03,1.8327676485e-01,1.3097109992e-01,2.7459813281e+00,3.7996194854e-01,6.1107901834e-01,9.4389537355e-01,
suboff_0000_u-2_v-1_w0p5,-2.0000000000e+00,-1.0000000000e+00,5.0000000000e-01,2.2912878475e+00,Group_A,121772,-8.4817663898e+00,4.8403953219e+00,-6.0030020533e+00,4.2945822665e+00,4.7995062714e-02,4.0479234642e-01,2.7357627240e-01,6.2204155145e+00,7.6744811829e-01,1.3579192712e+00,6.7634426828e-01,
suboff_0000_u-1_v2_w0p5,-1.0000000000e+00,2.0000000000e+00,5.0000000000e-01,2.2912878475e+00,Group_A,121772,-4.0104827495e+00,1.0167611257e+00,-4.2720829681e+00,1.1139342395e+00,-3.1700017438e-02,1.8260159241e-01,1.3743865053e-01,1.7348903879e+00,3.5179385217e-01,5.6916430554e-01,9.3484013433e-01,
suboff_0000_u-1_v-2_w0p5,-1.0000000000e+00,-2.0000000000e+00,5.0000000000e-01,2.2912878475e+00,Group_A,121772,-3.2798759554e+00,1.0670711586e+00,-4.7174426503e+00,1.6510753198e+00,-2.9480945577e-02,2.0912393065e-01,1.5215595731e-01,2.3515873823e+00,4.0980035813e-01,6.8562306458e-01,9.1418102583e-01,
suboff_0000_u-0p5_v1_w2,-5.0000000000e-01,1.0000000000e+00,2.0000000000e+00,2.2912878475e+00,Group_A,121772,-2.9391522786e+00,1.0355118448e+00,-3.2029030540e+00,1.1046992959e+00,-8.8439358644e-03,1.8108785960e-01,1.3579932055e-01,1.2918406481e+00,3.6664274762e-01,5.6467137961e-01,9.4040295816e-01,
suboff_0000_u-0p5_v-1_w-2,-5.0000000000e-01,-1.0000000000e+00,-2.0000000000e+00,2.2912878475e+00,Group_A,121772,-3.3399455346e+00,1.0281650363e+00,-3.5658593661e+00,1.2322291721e+00,1.4642739646e-02,1.7244044387e-01,1.2331643267e-01,1.1324306103e+00,3.5926732335e-01,5.6173545087e-01,9.4838210594e-01,
suboff_0000_u-2_v1_w0p5,-2.0000000000e+00,1.0000000000e+00,5.0000000000e-01,2.2912878475e+00,Group_A,121772,-2.5813368156e+01,8.6982503334e+00,-2.8402785314e+01,6.6995405421e+00,7.8425887983e-03,1.2647507783e+00,9.0205903843e-01,1.4099900078e+01,2.6903350288e+00,3.8357128352e+00,7.9651143193e-01,
suboff_0000_u2p5_v0_w0,2.5000000000e+00,0.0000000000e+00,0.0000000000e+00,2.5000000000e+00,Group_A,121772,-6.8246128263e+00,-2.7049359011e+00,-5.8363845246e+00,-1.3620280257e+00,4.8043045015e-02,2.3274876081e-01,1.6252858947e-01,2.7308940751e+00,4.8347386647e-01,7.1944020295e-01,-2.8627089872e-01,
suboff_0000_u0_v2p5_w0,0.0000000000e+00,2.5000000000e+00,0.0000000000e+00,2.5000000000e+00,Group_A,121772,-3.6522611784e+00,1.0351421414e+00,-3.7988249245e+00,1.3480121171e+00,2.3736384826e-02,1.2786014353e-01,9.4007675459e-02,1.0941971293e+00,2.7013336135e-01,4.1080162444e-01,9.7550406415e-01,
suboff_0000_u0_v0_w2p5,0.0000000000e+00,0.0000000000e+00,2.5000000000e+00,2.5000000000e+00,Group_A,121772,-4.0329599238e+00,1.0280828872e+00,-3.6215657901e+00,1.5587709698e+00,5.3318346722e-02,2.1925261448e-01,1.5700426167e-01,1.4993666381e+00,4.7315941698e-01,6.6718102902e-01,9.2670922087e-01,
suboff_0000_u0_v-2p5_w0,0.0000000000e+00,-2.5000000000e+00,0.0000000000e+00,2.5000000000e+00,Group_A,121772,-3.7778074891e+00,1.0270431098e+00,-3.7458440861e+00,1.2971098951e+00,1.9093171250e-02,1.2087899067e-01,8.8040699780e-02,1.2700055442e+00,2.3146845112e-01,3.8007831866e-01,9.7822242693e-01,
suboff_0000_u-2p5_v0_w0,-2.5000000000e+00,0.0000000000e+00,0.0000000000e+00,2.5000000000e+00,Group_A,121772,-1.1024884427e+01,-5.5292317117e-01,-8.3936694287e+00,-1.7038421754e+00,7.4359450056e-02,3.4173451187e-01,2.3279708659e-01,4.3739965855e+00,7.0178490731e-01,1.2107587387e+00,6.0260141362e-01,
suboff_0000_u0_v0_w-2p5,0.0000000000e+00,0.0000000000e+00,-2.5000000000e+00,2.5000000000e+00,Group_A,121772,-3.0208186948e+00,1.0258039709e+00,-2.9714957300e+00,1.6089650973e+00,2.6212457700e-02,1.4155645626e-01,9.4695337415e-02,8.8279036069e-01,3.2042874175e-01,5.0780260514e-01,9.7070450010e-01,
suboff_0000_u-3p5_v0_w0,-3.5000000000e+00,0.0000000000e+00,0.0000000000e+00,3.5000000000e+00,Group_C,121772,-4.2047760441e+00,2.4233652685e+00,-5.4933714145e+00,8.1569370291e-02,-2.1289158300e-02,3.1979936911e-01,2.2763434422e-01,3.5248916696e+00,6.2849210467e-01,9.8504806502e-01,7.6141810281e-01,
suboff_0000_u0_v-3p5_w0,0.0000000000e+00,-3.5000000000e+00,0.0000000000e+00,3.5000000000e+00,Group_C,121772,-3.9396582081e+00,1.0284420464e+00,-3.6902359893e+00,1.3134027758e+00,2.7256294893e-02,1.2704085600e-01,9.5074710229e-02,1.1568021638e+00,2.4894406889e-01,3.6609071595e-01,9.7665199452e-01,
suboff_0000_u0_v0_w-3p5,0.0000000000e+00,0.0000000000e+00,-3.5000000000e+00,3.5000000000e+00,Group_C,121772,-3.0485822718e+00,1.0260034556e+00,-2.9586195225e+00,1.6834928710e+00,2.6901566598e-02,1.4651313085e-01,9.8656340393e-02,9.2914999010e-01,3.2885409460e-01,5.1745475999e-01,9.6971685168e-01,
suboff_0000_u0_v0_w3p5,0.0000000000e+00,0.0000000000e+00,3.5000000000e+00,3.5000000000e+00,Group_C,121772,-4.0353561262e+00,1.0260063575e+00,-3.5450468598e+00,1.5660277582e+00,5.7707929003e-02,2.3143169628e-01,1.6307906084e-01,1.4570901494e+00,5.2263571041e-01,7.3772178297e-01,9.2094264373e-01,
suboff_0000_u0_v3p5_w0,0.0000000000e+00,3.5000000000e+00,0.0000000000e+00,3.5000000000e+00,Group_C,121772,-3.6886193311e+00,1.0354160141e+00,-3.8808701615e+00,1.3344118696e+00,2.9325489588e-02,1.3431252474e-01,9.6224630451e-02,1.2245663373e+00,2.7878923500e-01,4.3404259248e-01,9.7444720906e-01,
suboff_0000_u3p5_v0_w0,3.5000000000e+00,0.0000000000e+00,0.0000000000e+00,3.5000000000e+00,Group_C,121772,-1.4988425136e+00,2.8108613031e+00,-7.1876595478e-01,3.0788502809e+00,9.4839894433e-03,1.4771081561e-01,1.0924792678e-01,1.1842896294e+00,2.9354708089e-01,4.2532846185e-01,4.7462753853e-01,
suboff_0000_u-3p5_v-1_w0,-3.5000000000e+00,-1.0000000000e+00,0.0000000000e+00,3.6400549446e+00,Group_C,121772,-9.5796527161e+00,-7.8803113470e+00,-1.1813939843e+01,-5.6237890154e+00,7.1174431038e-02,2.7972296455e-01,1.8456873285e-01,3.5968552006e+00,5.7705341618e-01,9.0949439849e-01,-1.8699362021e-02,
suboff_0000_u3p5_v1_w0,3.5000000000e+00,1.0000000000e+00,0.0000000000e+00,3.6400549446e+00,Group_C,121772,-2.1430361675e+00,2.9735845931e+00,-9.7801244885e-01,2.9581759024e+00,2.9367462329e-02,2.0150885977e-01,1.3560063123e-01,2.3915129585e+00,3.7324172235e-01,6.1565355531e-01,5.3744591340e-01,
