case_id,speed_m_s,split_type,part_name,sensor_count,mode_count,repeat_count,cp_rmse_mean,cp_rmse_ci95_lower,cp_rmse_ci95_upper,cp_mae_mean,cp_mae_ci95_lower,cp_mae_ci95_upper,cp_r2_mean,cp_r2_ci95_lower,cp_r2_ci95_upper,cp_area_weighted_relative_l2_mean,cp_area_weighted_relative_l2_ci95_lower,cp_area_weighted_relative_l2_ci95_upper,condition_number_mean,condition_number_ci95_lower,condition_number_ci95_upper
suboff_0000_u-0p5_v-0p5_w-0p5,8.660254037844e-01,interpolation,all_surface,60,70,200,3.446535865808e-01,2.389170317410e-01,4.792687127586e-01,2.306378263336e-01,1.597401055491e-01,3.202001683464e-01,5.959072638348e-01,2.425450415579e-01,8.117768147738e-01,4.672214389180e-01,3.219128589317e-01,6.530792302336e-01,1.418242644198e+02,4.466350172108e+01,5.186826512025e+02
suboff_0000_u-0p5_v-0p5_w-0p5,8.660254037844e-01,interpolation,all_surface,80,70,200,2.060309308231e-01,1.268673626939e-01,3.414914868451e-01,1.295094905711e-01,7.656925109846e-02,2.128857753811e-01,8.508776099751e-01,6.154633083804e-01,9.469263871813e-01,2.736401659395e-01,1.638417031151e-01,4.482480080993e-01,8.218213023923e+01,4.518265796493e+01,1.414272636603e+02
suboff_0000_u-0p5_v-0p5_w-0p5,8.660254037844e-01,interpolation,all_surface,100,70,200,1.381906662867e-01,1.042231494948e-01,1.976147305334e-01,8.382640026103e-02,6.187876025673e-02,1.181401786850e-01,9.348157545742e-01,8.712294735449e-01,9.641815985240e-01,1.810688535036e-01,1.360999357241e-01,2.597179672673e-01,2.860685803746e+01,1.758262771469e+01,5.046702593384e+01
suboff_0000_u-0p5_v-0p5_w-0p5,8.660254037844e-01,interpolation,all_surface,126,70,200,1.121635098925e-01,8.503432851256e-02,1.521682968530e-01,6.723034710670e-02,5.287187031145e-02,9.285414836195e-02,9.576077333333e-01,9.236453626311e-01,9.761566687451e-01,1.458850428788e-01,1.099166927959e-01,1.999886439619e-01,1.629546802997e+01,1.070594158044e+01,2.623005586832e+01
suboff_0000_u-0p5_v-0p5_w0p5,8.660254037844e-01,interpolation,all_surface,60,70,200,4.609100344815e-01,3.213240051940e-01,6.321600575311e-01,3.003851230084e-01,2.039726272255e-01,4.334071702784e-01,5.488124040060e-01,1.791921744535e-01,7.879320357304e-01,4.842627265044e-01,3.372720278676e-01,6.681537430220e-01,1.193616080995e+02,4.376867363876e+01,3.036843573527e+02
suboff_0000_u-0p5_v-0p5_w0p5,8.660254037844e-01,interpolation,all_surface,80,70,200,3.281377218029e-01,1.912835243215e-01,5.742614346781e-01,2.044614048477e-01,1.178284798901e-01,3.494117977963e-01,7.585301868371e-01,3.226489992056e-01,9.248476897394e-01,3.393082303197e-01,1.977958822482e-01,6.015218181964e-01,8.564947936939e+01,4.087143558994e+01,1.709018763173e+02
suboff_0000_u-0p5_v-0p5_w0p5,8.660254037844e-01,interpolation,all_surface,100,70,200,2.066071023574e-01,1.480536592460e-01,2.963007026403e-01,1.251186995551e-01,9.069354191115e-02,1.866897023174e-01,9.092666449563e-01,8.196667342293e-01,9.549769593953e-01,2.115395170977e-01,1.525634076532e-01,3.136830241786e-01,2.978576958918e+01,1.809349711113e+01,4.619522921397e+01
suboff_0000_u-0p5_v-0p5_w0p5,8.660254037844e-01,interpolation,all_surface,126,70,200,1.699844679914e-01,1.312834581109e-01,2.412669525013e-01,1.016204589552e-01,8.201653778266e-02,1.393727364221e-01,9.392984193544e-01,8.804408117337e-01,9.645996786453e-01,1.727341524899e-01,1.362434006909e-01,2.398215638236e-01,1.648251269408e+01,1.095576170169e+01,2.389726529198e+01
suboff_0000_u-0p5_v-1_w-2,2.291287847478e+00,interpolation,all_surface,60,70,200,4.327367287742e-01,3.015595155230e-01,6.155129903647e-01,2.925357094736e-01,2.024371295136e-01,4.194327318691e-01,6.627331239623e-01,3.423461904945e-01,8.421401379607e-01,4.343074933045e-01,2.957120719395e-01,6.176934874616e-01,1.301413739973e+02,4.443216116033e+01,4.061488207594e+02
suboff_0000_u-0p5_v-1_w-2,2.291287847478e+00,interpolation,all_surface,80,70,200,3.521152946135e-01,1.889834864932e-01,6.101627915387e-01,2.246620528804e-01,1.229859544001e-01,3.611011743114e-01,7.635159112367e-01,3.537302816920e-01,9.380027693971e-01,3.474436801177e-01,1.862668350156e-01,5.751817809387e-01,8.888860566344e+01,4.470503360753e+01,1.808329532583e+02
suboff_0000_u-0p5_v-1_w-2,2.291287847478e+00,interpolation,all_surface,100,70,200,2.169004916001e-01,1.595310108805e-01,3.059821284607e-01,1.382520835344e-01,1.026762473890e-01,1.897002958324e-01,9.154775327508e-01,8.374627722382e-01,9.558212747182e-01,2.136744068844e-01,1.579450284738e-01,3.025280011238e-01,2.925062737941e+01,1.788201002502e+01,4.998910851197e+01
suboff_0000_u-0p5_v-1_w-2,2.291287847478e+00,interpolation,all_surface,126,70,200,1.666321457884e-01,1.302620156288e-01,2.368877593174e-01,1.067970314649e-01,8.377062798887e-02,1.411594070813e-01,9.504003032578e-01,9.025889543448e-01,9.705450122248e-01,1.645644196263e-01,1.312001099621e-01,2.300969921871e-01,1.624279633034e+01,1.110158301015e+01,2.730851660556e+01
suboff_0000_u-0p5_v0p5_w-0p5,8.660254037844e-01,interpolation,all_surface,60,70,200,4.631378872954e-01,3.092247282831e-01,6.102849859767e-01,3.047727227870e-01,1.947035209414e-01,4.204496611608e-01,5.932786946414e-01,3.134334235439e-01,8.237344701111e-01,4.836258467243e-01,3.194000740053e-01,6.572464566839e-01,1.236367066922e+02,4.396211344068e+01,3.303904785709e+02
suboff_0000_u-0p5_v0p5_w-0p5,8.660254037844e-01,interpolation,all_surface,80,70,200,3.501286774793e-01,2.124392686661e-01,6.282023144095e-01,2.177408289547e-01,1.288250493319e-01,4.005332583448e-01,7.531060136495e-01,2.725200465517e-01,9.168059620202e-01,3.593486028098e-01,2.106291304810e-01,6.390554547800e-01,8.513298633364e+01,4.336327108493e+01,1.593889628154e+02
suboff_0000_u-0p5_v0p5_w-0p5,8.660254037844e-01,interpolation,all_surface,100,70,200,2.358913397575e-01,1.721382148212e-01,3.281246694511e-01,1.404753808170e-01,1.007741697972e-01,1.979694318335e-01,8.942836962492e-01,8.015297145638e-01,9.453773668306e-01,2.384156356354e-01,1.709256475678e-01,3.304452805906e-01,2.928002280371e+01,1.847737678415e+01,4.587758854471e+01
suboff_0000_u-0p5_v0p5_w-0p5,8.660254037844e-01,interpolation,all_surface,126,70,200,1.930393041032e-01,1.545491201098e-01,2.489034251382e-01,1.130227136084e-01,8.708181887381e-02,1.510565849203e-01,9.301064071760e-01,8.857965979331e-01,9.559697273986e-01,1.927845154997e-01,1.534841856250e-01,2.477692964013e-01,1.697041450381e+01,1.127318131363e+01,2.680800530553e+01
suboff_0000_u-0p5_v0p5_w0p5,8.660254037844e-01,interpolation,all_surface,60,70,200,4.328472196589e-01,3.109794625387e-01,5.645211801878e-01,2.835643067154e-01,2.003222888486e-01,3.776981453567e-01,5.773759699133e-01,2.989606476049e-01,7.872617552708e-01,4.918636908955e-01,3.522549751554e-01,6.461554941544e-01,1.204358386591e+02,4.619295759141e+01,4.686741253053e+02
suboff_0000_u-0p5_v0p5_w0p5,8.660254037844e-01,interpolation,all_surface,80,70,200,3.201539348073e-01,1.940220006676e-01,5.526517209176e-01,1.968683566895e-01,1.161899450669e-01,3.412623061822e-01,7.536639222060e-01,3.281282533976e-01,9.171891605548e-01,3.560770686822e-01,2.112795369562e-01,6.144934077430e-01,8.665278997611e+01,4.963757176845e+01,1.641414171987e+02
suboff_0000_u-0p5_v0p5_w0p5,8.660254037844e-01,interpolation,all_surface,100,70,200,2.300196853524e-01,1.597722068330e-01,3.697387857565e-01,1.367632954595e-01,8.840251972263e-02,2.309171580217e-01,8.762628070385e-01,6.992468973291e-01,9.438453151248e-01,2.533312046140e-01,1.722400852532e-01,4.282478356476e-01,2.917179120894e+01,1.756666227434e+01,4.932710773389e+01
suboff_0000_u-0p5_v0p5_w0p5,8.660254037844e-01,interpolation,all_surface,126,70,200,1.912722812878e-01,1.420783222275e-01,2.810036291747e-01,1.115087594978e-01,7.948438180504e-02,1.644026225115e-01,9.167482199168e-01,8.262977686625e-01,9.555937596926e-01,2.084952743817e-01,1.557410939297e-01,3.127787450415e-01,1.661620720311e+01,1.140310854824e+01,2.452386046416e+01
suboff_0000_u-0p5_v1_w2,2.291287847478e+00,interpolation,all_surface,60,70,200,4.219865584892e-01,2.955196941712e-01,6.151336435957e-01,2.878158738755e-01,2.030093625591e-01,4.277176080123e-01,6.621733184044e-01,3.123200048689e-01,8.412828890579e-01,4.302493053277e-01,3.032827374664e-01,6.249249661822e-01,1.191607359482e+02,3.545585465292e+01,2.289110272375e+02
suboff_0000_u-0p5_v1_w2,2.291287847478e+00,interpolation,all_surface,80,70,200,3.459774756926e-01,1.824577612393e-01,5.950688285236e-01,2.223942811420e-01,1.186684457257e-01,3.607614356082e-01,7.572055727215e-01,3.564478930512e-01,9.394975533195e-01,3.475707688312e-01,1.877836436585e-01,5.955811891645e-01,8.720528499591e+01,4.005056043323e+01,1.553179269949e+02
suboff_0000_u-0p5_v1_w2,2.291287847478e+00,interpolation,all_surface,100,70,200,2.006278486939e-01,1.332244466895e-01,2.930821520982e-01,1.287712526432e-01,8.605075332113e-02,1.864424278584e-01,9.233825884878e-01,8.438872889669e-01,9.677434540219e-01,2.007510017177e-01,1.346998681733e-01,2.905194855802e-01,2.825422721742e+01,1.780903384266e+01,4.636625112854e+01
suboff_0000_u-0p5_v1_w2,2.291287847478e+00,interpolation,all_surface,126,70,200,1.451182069463e-01,1.126548855160e-01,2.024049889428e-01,9.465167540047e-02,7.270821616848e-02,1.259600491737e-01,9.606948480181e-01,9.255438491974e-01,9.769353794429e-01,1.459006217512e-01,1.142979241565e-01,2.031192663762e-01,1.656275235467e+01,1.043218740089e+01,2.825847862712e+01
suboff_0000_u-1_v-2_w0p5,2.291287847478e+00,interpolation,all_surface,60,70,200,4.739308889515e-01,3.373095027839e-01,6.254424204981e-01,3.214334333715e-01,2.310450560509e-01,4.298251906646e-01,5.468218802423e-01,2.323683927881e-01,7.767263548217e-01,5.026007518500e-01,3.612595605588e-01,6.723346194908e-01,1.483461204310e+02,4.627266132258e+01,4.094498423436e+02
suboff_0000_u-1_v-2_w0p5,2.291287847478e+00,interpolation,all_surface,80,70,200,4.140649335929e-01,2.487959114278e-01,7.308248000912e-01,2.642263537023e-01,1.679155655158e-01,4.504924194383e-01,6.357447527469e-01,-4.815145642533e-02,8.785306625482e-01,4.312606149174e-01,2.622414484272e-01,7.682483654323e-01,8.255712329029e+01,4.009147236838e+01,1.533103453006e+02
suboff_0000_u-1_v-2_w0p5,2.291287847478e+00,interpolation,all_surface,100,70,200,2.537596864870e-01,1.752985983479e-01,3.632446000221e-01,1.634968638870e-01,1.196131698938e-01,2.184876999305e-01,8.672781923695e-01,7.410740125585e-01,9.396978568183e-01,2.653069323392e-01,1.940412804317e-01,3.723141713846e-01,2.849215026027e+01,1.661352893423e+01,5.271139235354e+01
suboff_0000_u-1_v-2_w0p5,2.291287847478e+00,interpolation,all_surface,126,70,200,1.922603933397e-01,1.478567589774e-01,2.551657937888e-01,1.268620374374e-01,9.882790247061e-02,1.581403175356e-01,9.259765993218e-01,8.722322160003e-01,9.570999080081e-01,2.021548727560e-01,1.581434628469e-01,2.616397720656e-01,1.695474164221e+01,1.041329127962e+01,2.636602225427e+01
suboff_0000_u-1_v2_w0p5,2.291287847478e+00,interpolation,all_surface,60,70,200,4.857135515544e-01,3.631261092313e-01,6.856952772167e-01,3.303266261521e-01,2.382637050635e-01,4.583503804120e-01,5.239759844942e-01,8.116748104200e-02,7.423112005423e-01,5.004302836809e-01,3.632733437845e-01,6.992214704995e-01,1.175282805405e+02,4.017936893114e+01,3.585817758355e+02
suboff_0000_u-1_v2_w0p5,2.291287847478e+00,interpolation,all_surface,80,70,200,4.360267999671e-01,2.589148988329e-01,8.043738689801e-01,2.779720096223e-01,1.736031903679e-01,4.735716771350e-01,5.883653779704e-01,-2.644188032115e-01,8.689958156216e-01,4.399475898595e-01,2.643588608502e-01,8.058768347686e-01,8.523522871627e+01,4.320980583397e+01,1.660336086382e+02
suboff_0000_u-1_v2_w0p5,2.291287847478e+00,interpolation,all_surface,100,70,200,2.502090283008e-01,1.772030977142e-01,3.579872367474e-01,1.625483215935e-01,1.195469429889e-01,2.210430904776e-01,8.735555830179e-01,7.495585519712e-01,9.386359938011e-01,2.535434583463e-01,1.809333072311e-01,3.581412285416e-01,2.892793810634e+01,1.814525488301e+01,4.600772001510e+01
suboff_0000_u-1_v2_w0p5,2.291287847478e+00,interpolation,all_surface,126,70,200,1.835733855151e-01,1.428892830953e-01,2.445917321700e-01,1.210163578927e-01,9.936150582803e-02,1.594261955940e-01,9.328653490078e-01,8.830892015855e-01,9.601002260813e-01,1.861345866648e-01,1.479467564633e-01,2.476722545358e-01,1.593535383712e+01,1.070459213325e+01,2.509593650603e+01
suboff_0000_u-1p5_v-1p5_w0,2.121320343560e+00,interpolation,all_surface,60,70,200,1.128005692567e+00,7.774970863574e-01,1.716790352214e+00,7.087465212244e-01,4.865141154697e-01,1.145025617411e+00,1.799851041014e-01,-8.236429623731e-01,6.259769763701e-01,8.150832781046e-01,5.551237925657e-01,1.274983234599e+00,1.241625786672e+02,4.182460699389e+01,3.566416665543e+02
suboff_0000_u-1p5_v-1p5_w0,2.121320343560e+00,interpolation,all_surface,80,70,200,1.223661021759e+00,7.921023957830e-01,2.057084638004e+00,7.517775055769e-01,4.730272991715e-01,1.251694542761e+00,1.205777534899e-02,-1.618239424390e+00,6.117920352941e-01,8.878673341096e-01,5.624431458800e-01,1.460906708369e+00,8.562388669437e+01,4.408631667197e+01,1.780441512114e+02
suboff_0000_u-1p5_v-1p5_w0,2.121320343560e+00,interpolation,all_surface,100,70,200,8.527283804990e-01,6.572819230927e-01,1.183393753512e+00,5.046479524807e-01,3.795234605378e-01,6.847184436463e-01,5.371501376935e-01,1.335187186251e-01,7.326932188153e-01,6.064911155886e-01,4.562236166894e-01,8.394762036775e-01,2.899507961328e+01,1.755206795622e+01,4.692560513979e+01
suboff_0000_u-1p5_v-1p5_w0,2.121320343560e+00,interpolation,all_surface,126,70,200,7.152375058740e-01,5.556088269939e-01,9.669296401898e-01,4.188798603795e-01,3.252178150687e-01,5.706405602580e-01,6.765905570105e-01,4.215135182155e-01,8.089974541284e-01,5.041949251958e-01,3.949480309798e-01,6.928357620133e-01,1.679890217019e+01,1.134637914072e+01,2.708740498704e+01
suboff_0000_u-1p5_v0_w-1p5,2.121320343560e+00,interpolation,all_surface,60,70,200,3.245914816724e-01,2.411851695446e-01,4.217906454920e-01,2.159109171258e-01,1.621617080049e-01,2.903702508885e-01,3.933886483844e-01,-5.373232347141e-05,6.730216971417e-01,6.144435234780e-01,4.569515770322e-01,8.087053851991e-01,1.298609718829e+02,4.205865126736e+01,4.477616736242e+02
suboff_0000_u-1p5_v0_w-1p5,2.121320343560e+00,interpolation,all_surface,80,70,200,3.344311228413e-01,2.088022093676e-01,5.381591907894e-01,2.100005954362e-01,1.306010915745e-01,3.299413412163e-01,3.261539847333e-01,-6.279955561816e-01,7.549208496404e-01,6.243733070643e-01,3.846882249890e-01,1.005555733358e+00,8.499103040852e+01,4.112935964340e+01,1.512276451520e+02
suboff_0000_u-1p5_v0_w-1p5,2.121320343560e+00,interpolation,all_surface,100,70,200,2.088787396420e-01,1.586854848980e-01,3.044316513161e-01,1.298721776607e-01,9.832992585932e-02,1.764196195385e-01,7.467690212328e-01,4.790439152583e-01,8.584560002887e-01,3.878753294900e-01,2.947130251262e-01,5.489954796466e-01,2.967630587883e+01,1.867737552744e+01,4.947548831807e+01
suboff_0000_u-1p5_v0_w-1p5,2.121320343560e+00,interpolation,all_surface,126,70,200,1.630378266093e-01,1.316581998595e-01,2.140975682504e-01,1.019947034434e-01,8.385977896805e-02,1.252183337459e-01,8.479634828714e-01,7.423426112690e-01,9.025651835050e-01,3.015165099158e-01,2.422592175157e-01,3.833287222263e-01,1.666039445516e+01,1.100625742623e+01,2.539869035792e+01
suboff_0000_u-1p5_v0_w0,1.500000000000e+00,interpolation,all_surface,60,70,200,1.827436291311e+00,1.188606006319e+00,2.498443532701e+00,1.199885050458e+00,7.282031784635e-01,1.676755593545e+00,-1.698697101564e+01,-3.159506018094e+01,-6.377167864462e+00,3.694749902524e-01,2.330435721155e-01,5.165474048211e-01,1.506033051662e+02,4.255031423899e+01,6.119666085895e+02
suboff_0000_u-1p5_v0_w0,1.500000000000e+00,interpolation,all_surface,80,70,200,4.647629165784e-01,2.882199136041e-01,8.430491799667e-01,2.783765319116e-01,1.733333190745e-01,5.165171476213e-01,-2.461356346374e-01,-2.711256724126e+00,5.662305063933e-01,9.092588754825e-02,5.726066667074e-02,1.651219586416e-01,8.998396713925e+01,4.519202183725e+01,1.723623058108e+02
suboff_0000_u-1p5_v0_w0,1.500000000000e+00,interpolation,all_surface,100,70,200,3.046953858589e-01,2.192317772576e-01,4.303895995846e-01,1.761305376232e-01,1.314086699574e-01,2.471535328446e-01,4.968180171402e-01,3.272461887155e-02,7.490321683770e-01,5.894051320045e-02,4.268784707384e-02,8.327984354448e-02,3.511252714419e+01,2.099727838752e+01,6.677173333513e+01
suboff_0000_u-1p5_v0_w0,1.500000000000e+00,interpolation,all_surface,126,70,200,2.566474717560e-01,1.960391007836e-01,3.339312356277e-01,1.477926819413e-01,1.165817774347e-01,2.037772037340e-01,6.491177023323e-01,4.177118851397e-01,7.993234956038e-01,4.942835929942e-02,3.872828628445e-02,6.475904067040e-02,1.928238305289e+01,1.207613548096e+01,3.289025460460e+01
suboff_0000_u-1p5_v0_w1p5,2.121320343560e+00,interpolation,all_surface,60,70,200,1.613299770371e+00,1.203598309613e+00,2.185763837872e+00,1.004979184667e+00,7.337641782298e-01,1.448417884806e+00,3.710327183764e-01,-1.192102960757e-01,6.606964398772e-01,6.696078221277e-01,4.959845764289e-01,9.350813409475e-01,1.298150260257e+02,4.415163275433e+01,3.855290437624e+02
suboff_0000_u-1p5_v0_w1p5,2.121320343560e+00,interpolation,all_surface,80,70,200,1.597798524983e+00,9.525977738915e-01,2.608912543717e+00,9.826682459593e-01,5.708910317724e-01,1.675281772027e+00,3.546125572045e-01,-5.942138499002e-01,7.874582961073e-01,6.650165862016e-01,3.897145316330e-01,1.123833177998e+00,8.454535022775e+01,3.998640258179e+01,1.638091662592e+02
suboff_0000_u-1p5_v0_w1p5,2.121320343560e+00,interpolation,all_surface,100,70,200,1.094068665099e+00,8.027935228613e-01,1.521213324256e+00,6.491105551915e-01,4.710630306914e-01,9.371208278641e-01,7.117086604800e-01,4.579928615561e-01,8.490503626627e-01,4.484147614114e-01,3.262105465571e-01,6.261965566644e-01,2.991507479219e+01,1.689842941529e+01,5.113868113625e+01
suboff_0000_u-1p5_v0_w1p5,2.121320343560e+00,interpolation,all_surface,126,70,200,9.138414947343e-01,7.003426131535e-01,1.351163788325e+00,5.306784670876e-01,3.966305048101e-01,8.109652141621e-01,7.979020517519e-01,5.723917700439e-01,8.851197353063e-01,3.693521196352e-01,2.802739990500e-01,5.505074078945e-01,1.666316294215e+01,1.126778148336e+01,2.860386090664e+01
suboff_0000_u-1p5_v1p5_w0,2.121320343560e+00,interpolation,all_surface,60,70,200,3.182401730445e+00,2.211157579897e+00,4.202368085766e+00,2.058141596994e+00,1.473968242271e+00,2.718944397397e+00,3.211815632763e-01,-1.539922508476e-01,6.805125159816e-01,4.462750076591e-01,3.093437102672e-01,5.943879959457e-01,1.198049068204e+02,3.937595251862e+01,4.102752738784e+02
suboff_0000_u-1p5_v1p5_w0,2.121320343560e+00,interpolation,all_surface,80,70,200,2.163739000370e+00,1.462755893685e+00,3.321557538413e+00,1.334507889814e+00,8.709382800431e-01,2.087308868606e+00,6.766378288943e-01,2.789821182062e-01,8.601837335540e-01,3.003753426609e-01,2.026819284734e-01,4.734378038611e-01,8.112474988693e+01,4.335596406304e+01,1.424591487705e+02
suboff_0000_u-1p5_v1p5_w0,2.121320343560e+00,interpolation,all_surface,100,70,200,1.474969594207e+00,1.102974208316e+00,1.931808284289e+00,8.865648145786e-01,6.827980551837e-01,1.204899705995e+00,8.540782446948e-01,7.561387526944e-01,9.205041356185e-01,2.022047668580e-01,1.539153170258e-01,2.679060753108e-01,2.926264254931e+01,1.695622335849e+01,4.776533422857e+01
suboff_0000_u-1p5_v1p5_w0,2.121320343560e+00,interpolation,all_surface,126,70,200,1.209167662256e+00,9.757147767779e-01,1.574064241705e+00,7.148398428489e-01,5.793275306020e-01,9.304300952734e-01,9.029054047743e-01,8.380929795507e-01,9.377900958412e-01,1.640316595939e-01,1.325190303251e-01,2.143421392619e-01,1.677284534198e+01,1.095061797021e+01,2.755952140190e+01
suboff_0000_u-2_v-1_w0p5,2.291287847478e+00,interpolation,all_surface,60,70,200,7.264241592011e-01,5.561066458093e-01,1.031890124169e+00,4.633682361895e-01,3.502168394852e-01,6.499867205587e-01,-7.151843532722e-02,-1.103225226815e+00,3.891495243735e-01,6.272162442298e-01,4.809790682708e-01,8.875952730862e-01,1.495678900788e+02,4.279928474614e+01,5.067908786157e+02
suboff_0000_u-2_v-1_w0p5,2.291287847478e+00,interpolation,all_surface,80,70,200,7.414553987651e-01,4.731949190045e-01,1.180322302854e+00,4.440359555322e-01,2.781905245126e-01,7.149464554873e-01,-1.507453284401e-01,-1.751889633883e+00,5.577168858492e-01,6.306747207254e-01,4.051881493125e-01,9.921339115750e-01,9.505256672873e+01,4.801665530261e+01,1.696815024106e+02
suboff_0000_u-2_v-1_w0p5,2.291287847478e+00,interpolation,all_surface,100,70,200,5.135473508618e-01,3.910843199750e-01,7.000420335680e-01,2.989420145811e-01,2.296176923718e-01,3.935758637132e-01,4.640759179196e-01,3.201856737071e-02,6.978926095434e-01,4.297519154565e-01,3.261314004194e-01,5.882209484900e-01,3.327973271356e+01,1.907421604594e+01,5.786980426194e+01
suboff_0000_u-2_v-1_w0p5,2.291287847478e+00,interpolation,all_surface,126,70,200,4.281682717089e-01,3.472420981574e-01,5.581461464710e-01,2.457665214247e-01,2.053130261416e-01,3.091641018137e-01,6.316898190047e-01,3.846601694283e-01,7.618318656119e-01,3.549159536501e-01,2.872570630541e-01,4.594748619080e-01,1.890001853233e+01,1.260743373745e+01,2.914778460166e+01
suboff_0000_u-2_v1_w0p5,2.291287847478e+00,interpolation,all_surface,60,70,200,3.149704362711e+00,2.289308637308e+00,4.082220357139e+00,2.011716439644e+00,1.367797461292e+00,2.725106852251e+00,-2.971852520193e-01,-1.119943484558e+00,3.332829770361e-01,4.282612351530e-01,3.053544473378e-01,5.589699379198e-01,1.408403635260e+02,4.403972662542e+01,3.724992373103e+02
suboff_0000_u-2_v1_w0p5,2.291287847478e+00,interpolation,all_surface,80,70,200,2.167591052605e+00,1.409946442555e+00,3.968762481188e+00,1.272866277833e+00,7.828170303329e-01,2.320532615838e+00,3.460105819870e-01,-1.003855667937e+00,7.470913044883e-01,2.881574888254e-01,1.857388270234e-01,5.258256599929e-01,9.157922766899e+01,4.688263062605e+01,1.820605041947e+02
suboff_0000_u-2_v1_w0p5,2.291287847478e+00,interpolation,all_surface,100,70,200,1.576369840659e+00,1.117521974730e+00,2.176262575674e+00,9.051026554228e-01,6.300255939436e-01,1.308837250836e+00,6.723678772096e-01,3.974993701336e-01,8.411298066231e-01,2.083060536269e-01,1.476784976146e-01,2.872008982241e-01,3.468528319729e+01,2.086075974843e+01,5.625718161062e+01
suboff_0000_u-2_v1_w0p5,2.291287847478e+00,interpolation,all_surface,126,70,200,1.280234989331e+00,9.991759037484e-01,1.758922767100e+00,7.314149490025e-01,5.648590721183e-01,9.933042159566e-01,7.866812789227e-01,6.064262909904e-01,8.729960287371e-01,1.684467150469e-01,1.300032894790e-01,2.357427381029e-01,1.913789574520e+01,1.287825565819e+01,2.784047766718e+01
suboff_0000_u-2p5_v0_w0,2.500000000000e+00,interpolation,all_surface,60,70,200,2.086846981044e+00,1.307740813957e+00,2.774394117652e+00,1.368037320464e+00,8.083918741319e-01,1.906213016222e+00,-1.433516047195e+01,-2.519306065445e+01,-4.819591163290e+00,3.612442145022e-01,2.240750586211e-01,4.895759107161e-01,1.516065312961e+02,4.538349196678e+01,5.165737148556e+02
suboff_0000_u-2p5_v0_w0,2.500000000000e+00,interpolation,all_surface,80,70,200,6.587481331572e-01,4.249460483299e-01,1.010191362130e+00,3.874484071613e-01,2.594040224552e-01,5.974580001172e-01,-5.685142724049e-01,-2.472635216947e+00,3.854940693701e-01,1.096425882675e-01,7.103208788281e-02,1.693518652786e-01,1.031914763758e+02,4.688440737882e+01,1.948066852699e+02
suboff_0000_u-2p5_v0_w0,2.500000000000e+00,interpolation,all_surface,100,70,200,4.670968347650e-01,3.458764950958e-01,6.589300116500e-01,2.642538408041e-01,2.011998869057e-01,3.642673592192e-01,2.364226514495e-01,-4.775170172985e-01,5.929097172556e-01,7.640808057915e-02,5.737836590503e-02,1.061455565343e-01,3.325780333489e+01,2.019768851470e+01,5.769219610962e+01
suboff_0000_u-2p5_v0_w0,2.500000000000e+00,interpolation,all_surface,126,70,200,3.967910777758e-01,3.036301143996e-01,5.214626314377e-01,2.247194417406e-01,1.765350837452e-01,2.852855382785e-01,4.530218041999e-01,7.467054339569e-02,6.862799846454e-01,6.457934250070e-02,4.892506286952e-02,8.402652376654e-02,1.932271814292e+01,1.232375527786e+01,3.235869197726e+01
suboff_0000_u-3p5_v-1_w0,3.640054944640e+00,extrapolation,all_surface,60,70,200,3.369246750023e+00,2.251114931343e+00,4.452229832855e+00,2.222487733969e+00,1.418504081400e+00,3.007322971032e+00,-1.509287056308e+02,-2.570747407676e+02,-6.497601874490e+01,3.567164531108e-01,2.307540524635e-01,4.726693754108e-01,1.463611825696e+02,4.397351902415e+01,4.339724587477e+02
suboff_0000_u-3p5_v-1_w0,3.640054944640e+00,extrapolation,all_surface,80,70,200,5.960197595168e-01,3.885766746946e-01,9.487638446262e-01,3.552299878934e-01,2.326777859039e-01,6.142123193157e-01,-3.939190691163e+00,-1.071948693596e+01,-9.658177147832e-01,6.075749314376e-02,3.961979616046e-02,9.854399877771e-02,9.439985398820e+01,5.150394809181e+01,1.769747837353e+02
suboff_0000_u-3p5_v-1_w0,3.640054944640e+00,extrapolation,all_surface,100,70,200,4.173278374249e-01,3.069160766661e-01,6.676163350718e-01,2.375919682571e-01,1.751788554969e-01,3.481245804893e-01,-1.355940331116e+00,-4.802891782141e+00,-2.263919636332e-01,4.161138273392e-02,3.089891869911e-02,6.444358905313e-02,3.385297302149e+01,1.999707834424e+01,5.791929700049e+01
suboff_0000_u-3p5_v-1_w0,3.640054944640e+00,extrapolation,all_surface,126,70,200,3.387983795817e-01,2.684751566931e-01,4.387421644813e-01,1.932796973125e-01,1.503577956984e-01,2.432649368648e-01,-5.242955193755e-01,-1.506170073758e+00,6.157828533204e-02,3.360020985111e-02,2.631600066664e-02,4.311736522108e-02,1.844585304872e+01,1.255075751084e+01,2.892401197099e+01
suboff_0000_u-3p5_v0_w0,3.500000000000e+00,extrapolation,all_surface,60,70,200,7.733993149552e-01,5.613512606791e-01,1.014321815533e+00,4.964198381595e-01,3.532638575224e-01,6.486265217586e-01,-4.298532012480e-01,-1.400163099521e+00,2.648908857321e-01,4.658469506094e-01,3.327360326030e-01,6.186092383183e-01,1.246997609329e+02,4.832980120807e+01,5.419259423815e+02
suboff_0000_u-3p5_v0_w0,3.500000000000e+00,extrapolation,all_surface,80,70,200,5.712931885356e-01,3.744416562858e-01,1.020156794089e+00,3.387739496240e-01,2.300839151975e-01,5.731228563163e-01,1.711072819232e-01,-1.427819666327e+00,6.729222825497e-01,3.359780608830e-01,2.230195181402e-01,5.929696282068e-01,9.838918306941e+01,4.982914271877e+01,2.056332578122e+02
suboff_0000_u-3p5_v0_w0,3.500000000000e+00,extrapolation,all_surface,100,70,200,4.080259512803e-01,3.014571231827e-01,5.725716127753e-01,2.367508925870e-01,1.785922995719e-01,3.326773789123e-01,6.003656745712e-01,2.352066951117e-01,7.879983137687e-01,2.386430027591e-01,1.788058098294e-01,3.318891771562e-01,3.392747456725e+01,1.999264913750e+01,5.635309573360e+01
suboff_0000_u-3p5_v0_w0,3.500000000000e+00,extrapolation,all_surface,126,70,200,3.296546231552e-01,2.623724654161e-01,4.304591422825e-01,1.940679480464e-01,1.620392059014e-01,2.470000582323e-01,7.420143771993e-01,5.677387972183e-01,8.394092405592e-01,1.927668482243e-01,1.567435122582e-01,2.512868355251e-01,1.921680124617e+01,1.228966150868e+01,3.224197744238e+01
suboff_0000_u0_v-1p5_w-1p5,2.121320343560e+00,interpolation,all_surface,60,70,200,6.211352882607e-01,4.129512477673e-01,8.977192803428e-01,4.175762577482e-01,2.851427290232e-01,5.896734298887e-01,3.953537928720e-01,-2.087804511678e-01,7.442206658494e-01,5.807281341214e-01,3.888856931345e-01,8.218769351118e-01,1.130457460101e+02,3.894434280006e+01,3.529288875929e+02
suboff_0000_u0_v-1p5_w-1p5,2.121320343560e+00,interpolation,all_surface,80,70,200,6.038590022401e-01,3.773680578486e-01,9.479898932737e-01,3.859877853975e-01,2.390965945219e-01,6.011695480093e-01,4.112479563659e-01,-3.479728538727e-01,7.863693610486e-01,5.573618821185e-01,3.493142224559e-01,8.656219082333e-01,8.405325829222e+01,4.417683448599e+01,1.567838403223e+02
suboff_0000_u0_v-1p5_w-1p5,2.121320343560e+00,interpolation,all_surface,100,70,200,3.667349839661e-01,2.606022367150e-01,5.494744759832e-01,2.364606963238e-01,1.745275564623e-01,3.378624447315e-01,7.900446863480e-01,5.470987754353e-01,8.981355619066e-01,3.395077328017e-01,2.463054865170e-01,5.009839695421e-01,2.920326466581e+01,1.678271591258e+01,4.685861458790e+01
suboff_0000_u0_v-1p5_w-1p5,2.121320343560e+00,interpolation,all_surface,126,70,200,2.859712536862e-01,2.225140338238e-01,3.766027683695e-01,1.855333710017e-01,1.457926692320e-01,2.320457173313e-01,8.748909761546e-01,7.872674160704e-01,9.257332794868e-01,2.654288798429e-01,2.091922510437e-01,3.470251713066e-01,1.686772649661e+01,1.136074026897e+01,2.646644722105e+01
suboff_0000_u0_v-1p5_w0,1.500000000000e+00,interpolation,all_surface,60,70,200,4.029990091055e-01,2.584759700975e-01,5.567488362808e-01,2.733442584875e-01,1.671401346469e-01,3.922492027335e-01,7.458153158317e-01,5.321888812257e-01,8.991594230636e-01,3.871183843242e-01,2.483573522028e-01,5.380386752475e-01,1.331545938098e+02,4.360394851068e+01,3.805108325952e+02
suboff_0000_u0_v-1p5_w0,1.500000000000e+00,interpolation,all_surface,80,70,200,1.358708522280e-01,8.335567414821e-02,2.304078691816e-01,8.706984544818e-02,5.473773312048e-02,1.391955857674e-01,9.695923010937e-01,9.198786380526e-01,9.895136800549e-01,1.275843035701e-01,7.868052630829e-02,2.090660126889e-01,8.398609528181e+01,4.245430155514e+01,1.557298040860e+02
suboff_0000_u0_v-1p5_w0,1.500000000000e+00,interpolation,all_surface,100,70,200,8.453700612523e-02,5.921401566830e-02,1.275872648274e-01,5.456482311469e-02,3.882561960148e-02,7.743716771207e-02,9.887149767653e-01,9.754321012689e-01,9.947082374251e-01,7.948442110541e-02,5.640280579571e-02,1.185467875023e-01,2.959875325987e+01,1.954017612559e+01,5.277102148961e+01
suboff_0000_u0_v-1p5_w0,1.500000000000e+00,interpolation,all_surface,126,70,200,6.300497339400e-02,5.045750914549e-02,8.394681875406e-02,4.063936934066e-02,3.201859327394e-02,5.588504685202e-02,9.938781724044e-01,9.893639213814e-01,9.961574919705e-01,5.928203229803e-02,4.726806273007e-02,8.030397761291e-02,1.674940683769e+01,1.065247423359e+01,2.699534264584e+01
suboff_0000_u0_v-1p5_w1p5,2.121320343560e+00,interpolation,all_surface,60,70,200,5.902660882748e-01,4.213390844219e-01,9.910016070944e-01,3.956349630771e-01,2.722403902548e-01,6.632666717753e-01,4.025615536218e-01,-6.019544284786e-01,7.104203781600e-01,5.693802653939e-01,4.036353475395e-01,9.544651742670e-01,1.144433155459e+02,4.373647049760e+01,3.167329459993e+02
suboff_0000_u0_v-1p5_w1p5,2.121320343560e+00,interpolation,all_surface,80,70,200,5.462698397525e-01,3.083407756956e-01,1.046052394772e+00,3.457778964937e-01,2.008381997480e-01,6.699239680129e-01,4.467557882348e-01,-7.852249994756e-01,8.449169189987e-01,5.194945076225e-01,3.015143086624e-01,9.815937780215e-01,8.671109044971e+01,4.591383366471e+01,1.623970889526e+02
suboff_0000_u0_v-1p5_w1p5,2.121320343560e+00,interpolation,all_surface,100,70,200,3.371743217694e-01,2.289176862787e-01,5.261568989469e-01,2.125901684137e-01,1.466159381859e-01,3.393512791938e-01,8.025766073628e-01,5.483056219688e-01,9.145208998342e-01,3.209153008401e-01,2.206692282498e-01,4.981055197536e-01,2.933945690587e+01,1.751835008726e+01,4.808143730494e+01
suboff_0000_u0_v-1p5_w1p5,2.121320343560e+00,interpolation,all_surface,126,70,200,2.588109262228e-01,1.944572956866e-01,3.798377288213e-01,1.621550280804e-01,1.239275423090e-01,2.272516728486e-01,8.862423460671e-01,7.646553723944e-01,9.383191105810e-01,2.469258246502e-01,1.887336991393e-01,3.514892305086e-01,1.665399789128e+01,1.064929479455e+01,2.611480577669e+01
suboff_0000_u0_v-2p5_w0,2.500000000000e+00,interpolation,all_surface,60,70,200,4.064620421242e-01,2.532114906405e-01,5.503591439092e-01,2.755582269900e-01,1.676768149315e-01,3.836719899591e-01,7.434155110259e-01,5.485572045591e-01,9.044340087128e-01,3.878363794386e-01,2.361790481939e-01,5.400950843392e-01,1.187690874881e+02,4.220885710894e+01,3.271525220653e+02
suboff_0000_u0_v-2p5_w0,2.500000000000e+00,interpolation,all_surface,80,70,200,1.911927589186e-01,9.439889957106e-02,3.275989152883e-01,1.229344150004e-01,6.324532923924e-02,2.101509493272e-01,9.400532876380e-01,8.400468247978e-01,9.867186661424e-01,1.799126116877e-01,9.291575095620e-02,3.083978518534e-01,8.040676994395e+01,3.873839114481e+01,1.448744584756e+02
suboff_0000_u0_v-2p5_w0,2.500000000000e+00,interpolation,all_surface,100,70,200,1.192413959330e-01,8.223049305241e-02,1.951917577555e-01,7.620556599409e-02,5.117222594980e-02,1.166986631876e-01,9.774361745717e-01,9.432153629141e-01,9.899220117432e-01,1.130325328805e-01,7.993002392664e-02,1.730552255154e-01,2.903895394371e+01,1.746387767674e+01,4.826989939305e+01
suboff_0000_u0_v-2p5_w0,2.500000000000e+00,interpolation,all_surface,126,70,200,8.925852912933e-02,6.829225565749e-02,1.245690724767e-01,5.769830641648e-02,4.314074919778e-02,8.068762835893e-02,9.878126605046e-01,9.768722715738e-01,9.930489401639e-01,8.561343480925e-02,6.684825491929e-02,1.162271986916e-01,1.597215706344e+01,1.054088283290e+01,2.427943026664e+01
suboff_0000_u0_v-3p5_w0,3.500000000000e+00,extrapolation,all_surface,60,70,200,4.137970860781e-01,2.763254644736e-01,5.737099182705e-01,2.802991191981e-01,1.819683934721e-01,3.906587975694e-01,7.422115059609e-01,5.238438837362e-01,8.895150109706e-01,3.882120630151e-01,2.487998968755e-01,5.513483308373e-01,1.368725073359e+02,4.329365241793e+01,3.690251631117e+02
suboff_0000_u0_v-3p5_w0,3.500000000000e+00,extrapolation,all_surface,80,70,200,1.998894042158e-01,1.161851162779e-01,3.510896578000e-01,1.279170284765e-01,7.792575148696e-02,2.238855341818e-01,9.363979964567e-01,8.216784057856e-01,9.804692006284e-01,1.839050887016e-01,1.048080918490e-01,3.257320955323e-01,8.630519795766e+01,4.383917162616e+01,1.713054899273e+02
suboff_0000_u0_v-3p5_w0,3.500000000000e+00,extrapolation,all_surface,100,70,200,1.240241531424e-01,8.861358497785e-02,1.777678980679e-01,7.996374939025e-02,5.780383166884e-02,1.126611934594e-01,9.765881687175e-01,9.542838485863e-01,9.886403627667e-01,1.145869458927e-01,8.233466241739e-02,1.630388664792e-01,2.927061326795e+01,1.784614654891e+01,4.856626651467e+01
suboff_0000_u0_v-3p5_w0,3.500000000000e+00,extrapolation,all_surface,126,70,200,9.008149011821e-02,7.016089612092e-02,1.224794402054e-01,5.875624513479e-02,4.599368400328e-02,7.653308457914e-02,9.880108328247e-01,9.782984010475e-01,9.928787965451e-01,8.395366383250e-02,6.633999444249e-02,1.144637504232e-01,1.620499888071e+01,1.070765540742e+01,2.544428524282e+01
suboff_0000_u0_v0_w-1p5,1.500000000000e+00,interpolation,all_surface,60,70,200,3.512085830071e-01,2.276911422894e-01,5.192396529747e-01,2.369610351784e-01,1.573540321004e-01,3.357452922752e-01,8.069317861481e-01,5.965017644243e-01,9.224074692537e-01,3.374213480680e-01,2.153472115739e-01,5.059823310693e-01,1.110386997907e+02,4.344586698962e+01,2.818779269559e+02
suboff_0000_u0_v0_w-1p5,1.500000000000e+00,interpolation,all_surface,80,70,200,1.315954431246e-01,6.191345008474e-02,2.479615493036e-01,8.509081210526e-02,4.122199260486e-02,1.644027437986e-01,9.706454382771e-01,9.079788289610e-01,9.942630203019e-01,1.247019949559e-01,5.934931737569e-02,2.269205415570e-01,8.339956984592e+01,4.437647827116e+01,1.558488531906e+02
suboff_0000_u0_v0_w-1p5,1.500000000000e+00,interpolation,all_surface,100,70,200,7.109920664538e-02,4.803054787814e-02,1.133450980221e-01,4.678354205607e-02,3.290336859176e-02,7.249629404139e-02,9.920058848250e-01,9.807730070607e-01,9.965474380440e-01,6.797189525591e-02,4.721497255900e-02,1.063744756345e-01,3.074771549896e+01,1.828162419567e+01,5.222724788998e+01
suboff_0000_u0_v0_w-1p5,1.500000000000e+00,interpolation,all_surface,126,70,200,5.338123843105e-02,4.031913496721e-02,7.405516701405e-02,3.549362174345e-02,2.726096096187e-02,4.795308692319e-02,9.956170263483e-01,9.917923878375e-01,9.975670780596e-01,5.147279554429e-02,3.945990054149e-02,7.042700759297e-02,1.640201883143e+01,1.057331642783e+01,2.465182387358e+01
suboff_0000_u0_v0_w-2p5,2.500000000000e+00,interpolation,all_surface,60,70,200,4.326589092988e-01,2.803676018865e-01,6.585825929351e-01,2.926142192260e-01,1.840454834025e-01,4.419276562523e-01,7.136424389012e-01,3.658929378339e-01,8.850772490128e-01,4.099117165661e-01,2.645405446774e-01,6.256334834704e-01,1.368964388219e+02,3.488642099385e+01,4.911281370294e+02
suboff_0000_u0_v0_w-2p5,2.500000000000e+00,interpolation,all_surface,80,70,200,3.002440026738e-01,1.493360273327e-01,6.239212260232e-01,1.923819515047e-01,9.556985141915e-02,4.070625240457e-01,8.477611720347e-01,4.308419892811e-01,9.673846401981e-01,2.806915438501e-01,1.431647420793e-01,5.815933696977e-01,8.556152865392e+01,4.236809736673e+01,1.805389664236e+02
suboff_0000_u0_v0_w-2p5,2.500000000000e+00,interpolation,all_surface,100,70,200,1.792407671938e-01,1.154397974772e-01,2.742469390272e-01,1.159581671515e-01,7.482210367545e-02,1.719140362721e-01,9.500401376703e-01,8.900058065288e-01,9.805170996699e-01,1.696026966199e-01,1.137593116366e-01,2.571094548584e-01,2.941258058533e+01,1.695152159636e+01,4.823052966776e+01
suboff_0000_u0_v0_w-2p5,2.500000000000e+00,interpolation,all_surface,126,70,200,1.296263020801e-01,9.608255360291e-02,1.873038656897e-01,8.405210390245e-02,6.203137407162e-02,1.180052495836e-01,9.745646557658e-01,9.487058153113e-01,9.865031969927e-01,1.245785421367e-01,9.465804209155e-02,1.750655145265e-01,1.603654118848e+01,1.076185108580e+01,2.497182017950e+01
suboff_0000_u0_v0_w-3p5,3.500000000000e+00,extrapolation,all_surface,60,70,200,4.273208664237e-01,2.807793008927e-01,5.761505060030e-01,2.912375314222e-01,1.964072259500e-01,4.033488326934e-01,7.315551154646e-01,5.317045220546e-01,8.887803372201e-01,3.994780407221e-01,2.644071489175e-01,5.457700468026e-01,1.257693610974e+02,3.939193504724e+01,3.608027541589e+02
suboff_0000_u0_v0_w-3p5,3.500000000000e+00,extrapolation,all_surface,80,70,200,3.066706465334e-01,1.562527210453e-01,5.715847114622e-01,1.973147808840e-01,1.001746718282e-01,3.536121834367e-01,8.485969699484e-01,5.390557953190e-01,9.655559828744e-01,2.820566318202e-01,1.451065509976e-01,5.282509001030e-01,8.622099962442e+01,4.000812642466e+01,1.603762996822e+02
suboff_0000_u0_v0_w-3p5,3.500000000000e+00,extrapolation,all_surface,100,70,200,1.849660655500e-01,1.149466970883e-01,3.011527287318e-01,1.206103380270e-01,7.937183591303e-02,1.866831986377e-01,9.486167950796e-01,8.720520745651e-01,9.813602131291e-01,1.717507790766e-01,1.105711467486e-01,2.681383506157e-01,2.941455318507e+01,1.861827176329e+01,4.573971591431e+01
suboff_0000_u0_v0_w-3p5,3.500000000000e+00,extrapolation,all_surface,126,70,200,1.330787964774e-01,9.880559767111e-02,1.867178123717e-01,8.728179102919e-02,6.473671623931e-02,1.230300657766e-01,9.742262474584e-01,9.508145905021e-01,9.862275064463e-01,1.250739018404e-01,9.594075897334e-02,1.713111306830e-01,1.656895577339e+01,1.121495458697e+01,2.513670773736e+01
suboff_0000_u0_v0_w1p5,1.500000000000e+00,interpolation,all_surface,60,70,200,3.916797315527e-01,2.388659422967e-01,5.454761633651e-01,2.636144936985e-01,1.661053393982e-01,3.791669594385e-01,7.479167999131e-01,5.283647065068e-01,9.095589415215e-01,3.761150079497e-01,2.278503620904e-01,5.333497039850e-01,1.211468260747e+02,4.395307806891e+01,4.219098673808e+02
suboff_0000_u0_v0_w1p5,1.500000000000e+00,interpolation,all_surface,80,70,200,2.013964731883e-01,1.217419580501e-01,3.505615526224e-01,1.292014410151e-01,7.837581933197e-02,2.192754015910e-01,9.291465100104e-01,8.051858028985e-01,9.765071683838e-01,1.899049874511e-01,1.153874407280e-01,3.314651370970e-01,8.479581414153e+01,4.277059666087e+01,1.554929893864e+02
suboff_0000_u0_v0_w1p5,1.500000000000e+00,interpolation,all_surface,100,70,200,1.209615994845e-01,8.276039278444e-02,1.830833277111e-01,7.836716889363e-02,5.463609607184e-02,1.153690539128e-01,9.756681830331e-01,9.468682373415e-01,9.891432125286e-01,1.143289084290e-01,7.887501906668e-02,1.696018845386e-01,2.930836717399e+01,1.804701458277e+01,5.155852362377e+01
suboff_0000_u0_v0_w1p5,1.500000000000e+00,interpolation,all_surface,126,70,200,9.056807818208e-02,7.166965964871e-02,1.155042727508e-01,5.948606798452e-02,4.854711210147e-02,7.438725892251e-02,9.867123092252e-01,9.788528861697e-01,9.918581025688e-01,8.604586346532e-02,6.873196942265e-02,1.077524994145e-01,1.652385220819e+01,1.092153623723e+01,2.526836507509e+01
suboff_0000_u0_v0_w2p5,2.500000000000e+00,interpolation,all_surface,60,70,200,4.826039213655e-01,3.590856913680e-01,6.683159505030e-01,3.262878956604e-01,2.372128116141e-01,4.558144134496e-01,6.334061122431e-01,3.190367248561e-01,8.034124647062e-01,4.545296147854e-01,3.391596967859e-01,6.367483597465e-01,1.340415484372e+02,3.734037140467e+01,4.710651963927e+02
suboff_0000_u0_v0_w2p5,2.500000000000e+00,interpolation,all_surface,80,70,200,4.107408903810e-01,2.210472826670e-01,7.085796430831e-01,2.618933453509e-01,1.437932564770e-01,4.487774256222e-01,7.167994622343e-01,2.343401395353e-01,9.255027473911e-01,3.792054217315e-01,2.036234394560e-01,6.410774122080e-01,8.430136640764e+01,4.311210078691e+01,1.499263749963e+02
suboff_0000_u0_v0_w2p5,2.500000000000e+00,interpolation,all_surface,100,70,200,2.419201567158e-01,1.614852053869e-01,4.197658902116e-01,1.546767963338e-01,1.055813857450e-01,2.564735898990e-01,9.049550234040e-01,7.313570903596e-01,9.602418624439e-01,2.246626638167e-01,1.536135896942e-01,3.748048432630e-01,2.869893130323e+01,1.801115416962e+01,4.957286179330e+01
suboff_0000_u0_v0_w2p5,2.500000000000e+00,interpolation,all_surface,126,70,200,1.775891925448e-01,1.329966030265e-01,2.505802687813e-01,1.144018207214e-01,8.437929384475e-02,1.568510550349e-01,9.504373897864e-01,9.042687308980e-01,9.730323410977e-01,1.664456398309e-01,1.257818591374e-01,2.286330841409e-01,1.674520661502e+01,1.076044098504e+01,2.853212698569e+01
suboff_0000_u0_v0_w3p5,3.500000000000e+00,extrapolation,all_surface,60,70,200,4.966473180389e-01,3.438208988619e-01,6.907557127268e-01,3.361523585648e-01,2.343565921474e-01,4.612565881264e-01,6.256573789157e-01,2.957017728867e-01,8.255137617093e-01,4.584445479063e-01,3.220578186773e-01,6.256034395399e-01,1.124226614871e+02,3.682639255483e+01,2.903916804935e+02
suboff_0000_u0_v0_w3p5,3.500000000000e+00,extrapolation,all_surface,80,70,200,4.239731308547e-01,2.251663507315e-01,6.448160764788e-01,2.715860753119e-01,1.466913247318e-01,4.148818298249e-01,7.138217323317e-01,3.862794499707e-01,9.251651061104e-01,3.855867738738e-01,2.097978496050e-01,5.765794488522e-01,8.525631022864e+01,4.592041781063e+01,1.663259651811e+02
suboff_0000_u0_v0_w3p5,3.500000000000e+00,extrapolation,all_surface,100,70,200,2.539622728082e-01,1.648467577705e-01,3.836816560977e-01,1.629873623795e-01,1.072101766579e-01,2.409713950724e-01,8.996175382457e-01,7.827105045683e-01,9.598891324659e-01,2.315555896190e-01,1.525699376850e-01,3.433819532814e-01,2.952310558216e+01,1.807792265614e+01,4.982067640900e+01
suboff_0000_u0_v0_w3p5,3.500000000000e+00,extrapolation,all_surface,126,70,200,1.845284896061e-01,1.353143163125e-01,2.545228540277e-01,1.197777089772e-01,8.765496647183e-02,1.609828704373e-01,9.482671737049e-01,9.043758410601e-01,9.729738546300e-01,1.698351525766e-01,1.280617731764e-01,2.345446914023e-01,1.594824709962e+01,1.035822676579e+01,2.322246833329e+01
suboff_0000_u0_v1p5_w-1p5,2.121320343560e+00,interpolation,all_surface,60,70,200,5.809713371575e-01,4.191273386302e-01,8.846958665093e-01,3.897775449229e-01,2.812092542346e-01,5.758922516665e-01,4.698946843160e-01,-1.818367037514e-01,7.347427155872e-01,5.482833002638e-01,4.019882039268e-01,8.269582056069e-01,1.238629154292e+02,4.340841033978e+01,4.225542925988e+02
suboff_0000_u0_v1p5_w-1p5,2.121320343560e+00,interpolation,all_surface,80,70,200,5.798692712055e-01,3.212589310564e-01,1.027443008376e+00,3.697216012589e-01,2.077863987928e-01,6.213517160823e-01,4.278996453305e-01,-5.940087625208e-01,8.441589071397e-01,5.388481063824e-01,3.008336209322e-01,9.253356550710e-01,8.622687197020e+01,4.026455761382e+01,1.564379018832e+02
suboff_0000_u0_v1p5_w-1p5,2.121320343560e+00,interpolation,all_surface,100,70,200,3.389147333061e-01,2.368321916468e-01,5.116039876665e-01,2.202998586467e-01,1.585708423392e-01,3.268627292476e-01,8.187408208340e-01,6.047785225333e-01,9.153057191163e-01,3.173036403761e-01,2.236470911030e-01,4.831204755855e-01,2.865177231422e+01,1.762392623872e+01,4.849274380172e+01
suboff_0000_u0_v1p5_w-1p5,2.121320343560e+00,interpolation,all_surface,126,70,200,2.626852722585e-01,2.079569848502e-01,3.432592259051e-01,1.708432331958e-01,1.382882747932e-01,2.153176880862e-01,8.935524708453e-01,8.220844274819e-01,9.346993584956e-01,2.469739963670e-01,1.969805772561e-01,3.144007452070e-01,1.662720036597e+01,1.078616092055e+01,2.431097850548e+01
suboff_0000_u0_v1p5_w0,1.500000000000e+00,interpolation,all_surface,60,70,200,4.024761105921e-01,2.760407365502e-01,5.639843758974e-01,2.725673611872e-01,1.833185326960e-01,3.880630967366e-01,7.476605728303e-01,5.217216885132e-01,8.854240882083e-01,3.863675954009e-01,2.662183900725e-01,5.509764879432e-01,1.340068716477e+02,3.532192065050e+01,5.907514857225e+02
suboff_0000_u0_v1p5_w0,1.500000000000e+00,interpolation,all_surface,80,70,200,1.737549971201e-01,9.572309396055e-02,3.281704808307e-01,1.111943460622e-01,6.337020117097e-02,2.005817827485e-01,9.495763373465e-01,8.380623359343e-01,9.862218244871e-01,1.631794820024e-01,9.211809675906e-02,3.067954840015e-01,8.493618552511e+01,3.970642885736e+01,1.823800264687e+02
suboff_0000_u0_v1p5_w0,1.500000000000e+00,interpolation,all_surface,100,70,200,1.097015206242e-01,7.407836607711e-02,1.789481489884e-01,6.904551983342e-02,4.646878647900e-02,1.094423413832e-01,9.808722032369e-01,9.518491093504e-01,9.917485491197e-01,1.031611255041e-01,7.117625716284e-02,1.688077130575e-01,2.879951146465e+01,1.769780254312e+01,4.528489203176e+01
suboff_0000_u0_v1p5_w0,1.500000000000e+00,interpolation,all_surface,126,70,200,8.806190095833e-02,6.631471255934e-02,1.272437165966e-01,5.497466250244e-02,4.160246516460e-02,7.977819127286e-02,9.879613076997e-01,9.756544690864e-01,9.933874897239e-01,8.256073241667e-02,6.326444406894e-02,1.169017023721e-01,1.627379826629e+01,1.081755160487e+01,2.492592032169e+01
suboff_0000_u0_v1p5_w1p5,2.121320343560e+00,interpolation,all_surface,60,70,200,5.936247122142e-01,4.257560496874e-01,8.958919471527e-01,3.965191966473e-01,2.898512111845e-01,6.035398033901e-01,3.886218844595e-01,-3.139000110059e-01,7.032546547164e-01,5.739200998339e-01,4.055351658835e-01,8.704198814987e-01,1.251160940642e+02,4.021757075185e+01,3.305969583766e+02
suboff_0000_u0_v1p5_w1p5,2.121320343560e+00,interpolation,all_surface,80,70,200,5.519087724624e-01,3.223826417420e-01,1.060268804191e+00,3.536208392605e-01,2.100356909445e-01,6.408545512978e-01,4.456546014320e-01,-8.402944320009e-01,8.298665629839e-01,5.271007554453e-01,3.162571807311e-01,1.018954819050e+00,8.435945390944e+01,4.460321358762e+01,1.602347309648e+02
suboff_0000_u0_v1p5_w1p5,2.121320343560e+00,interpolation,all_surface,100,70,200,3.402278687396e-01,2.337166558142e-01,5.095648498722e-01,2.175447133641e-01,1.450518838386e-01,3.288128082288e-01,8.009282246518e-01,5.749430662809e-01,9.105813085892e-01,3.270339156218e-01,2.264284210434e-01,4.855718072451e-01,2.903989768721e+01,1.842518851911e+01,4.511184910694e+01
suboff_0000_u0_v1p5_w1p5,2.121320343560e+00,interpolation,all_surface,126,70,200,2.594248852967e-01,1.945670404630e-01,3.805576780839e-01,1.662437229019e-01,1.264476897711e-01,2.335147683892e-01,8.862841152490e-01,7.629207762135e-01,9.380293904708e-01,2.500006022502e-01,1.908219956867e-01,3.499855266061e-01,1.626944226947e+01,1.107340363209e+01,2.498461870310e+01
suboff_0000_u0_v2p5_w0,2.500000000000e+00,interpolation,all_surface,60,70,200,3.997729597561e-01,2.581783541246e-01,5.649145965837e-01,2.707647961713e-01,1.684018679753e-01,3.828814913102e-01,7.506091838104e-01,5.218210134351e-01,9.001231069714e-01,3.839756563306e-01,2.452566932421e-01,5.418430316015e-01,1.345804318435e+02,4.060939033784e+01,4.309930254162e+02
suboff_0000_u0_v2p5_w0,2.500000000000e+00,interpolation,all_surface,80,70,200,1.503631134145e-01,8.528069728594e-02,2.767759804686e-01,9.623043595894e-02,5.665838580539e-02,1.812941879338e-01,9.624011152298e-01,8.852085755470e-01,9.891025421835e-01,1.410950870488e-01,8.092235612836e-02,2.622065061915e-01,8.334929804743e+01,4.194541208722e+01,1.705024358368e+02
suboff_0000_u0_v2p5_w0,2.500000000000e+00,interpolation,all_surface,100,70,200,9.509657406535e-02,6.385480127790e-02,1.540353246879e-01,6.075457079301e-02,4.404767806228e-02,8.949197411369e-02,9.856803247494e-01,9.644479578678e-01,9.938904266895e-01,8.954865439745e-02,6.183868532584e-02,1.404605386435e-01,2.925084170766e+01,1.726570894960e+01,4.647489506375e+01
suboff_0000_u0_v2p5_w0,2.500000000000e+00,interpolation,all_surface,126,70,200,7.103672130279e-02,5.592674755946e-02,9.250607401847e-02,4.605738073654e-02,3.636862728058e-02,5.895696820044e-02,9.922974978128e-01,9.871777463224e-01,9.953133463926e-01,6.733812908798e-02,5.306223519573e-02,8.662707973213e-02,1.670532029335e+01,1.099357038112e+01,2.744831816323e+01
suboff_0000_u0_v3p5_w0,3.500000000000e+00,extrapolation,all_surface,60,70,200,4.202520215412e-01,2.594953989613e-01,5.631272169189e-01,2.837652138931e-01,1.771528417718e-01,3.900958059123e-01,7.406665667179e-01,5.508221027497e-01,9.046174545931e-01,3.907403265751e-01,2.410147273555e-01,5.372800607066e-01,1.283139284866e+02,4.236248026167e+01,4.161148978911e+02
suboff_0000_u0_v3p5_w0,3.500000000000e+00,extrapolation,all_surface,80,70,200,1.843624772694e-01,1.065627219046e-01,3.120573230948e-01,1.182610887290e-01,6.933959654391e-02,1.937797411901e-01,9.474637407539e-01,8.620649716143e-01,9.839142703899e-01,1.676764340996e-01,9.860323736251e-02,2.745697181310e-01,8.482670493118e+01,4.266461329120e+01,1.464991577653e+02
suboff_0000_u0_v3p5_w0,3.500000000000e+00,extrapolation,all_surface,100,70,200,1.102941320576e-01,7.990733935619e-02,1.643815656232e-01,7.091767596738e-02,5.225987872288e-02,1.042083372318e-01,9.820340480763e-01,9.617231676571e-01,9.909555597535e-01,1.004834580873e-01,7.382614477265e-02,1.477969652732e-01,2.910546128662e+01,1.805930232874e+01,4.594535088728e+01
suboff_0000_u0_v3p5_w0,3.500000000000e+00,extrapolation,all_surface,126,70,200,8.461945654602e-02,6.529483713695e-02,1.173779312258e-01,5.480523880467e-02,4.340218456491e-02,7.305558475163e-02,9.896348598728e-01,9.804845658113e-01,9.939610253114e-01,7.746396379878e-02,6.084260802198e-02,1.037197754271e-01,1.653055061393e+01,1.087748563449e+01,2.653307438116e+01
suboff_0000_u0p5_v-0p5_w-0p5,8.660254037844e-01,interpolation,all_surface,60,70,200,1.086617654372e+00,6.855097634972e-01,1.539113814585e+00,7.288579381572e-01,4.608899701229e-01,1.063913925936e+00,4.343027879695e-01,-9.305362914726e-02,7.831537541159e-01,3.326294519276e-01,2.098504456637e-01,4.756677162352e-01,1.225329521676e+02,4.663350304832e+01,3.521985619863e+02
suboff_0000_u0p5_v-0p5_w-0p5,8.660254037844e-01,interpolation,all_surface,80,70,200,2.864305743947e-01,1.574494811656e-01,4.900039703147e-01,1.818856312603e-01,1.003865617896e-01,3.081303139737e-01,9.581733457667e-01,8.892111930922e-01,9.885612104860e-01,8.576913523683e-02,4.654271640804e-02,1.446576496122e-01,8.545582495421e+01,4.195316237360e+01,1.530624127086e+02
suboff_0000_u0p5_v-0p5_w-0p5,8.660254037844e-01,interpolation,all_surface,100,70,200,1.790271402196e-01,1.224904935583e-01,2.677616875587e-01,1.118366521256e-01,7.739723810612e-02,1.678343929380e-01,9.843150104322e-01,9.669177656256e-01,9.930768828758e-01,5.344899288745e-02,3.641338537548e-02,7.952963270460e-02,2.915425005271e+01,1.683980677625e+01,4.839308399128e+01
suboff_0000_u0p5_v-0p5_w-0p5,8.660254037844e-01,interpolation,all_surface,126,70,200,1.367753145803e-01,1.058224351217e-01,1.842773734183e-01,8.526488466205e-02,6.396698236611e-02,1.149263188037e-01,9.911561193027e-01,9.843310242884e-01,9.948327168317e-01,4.078807644589e-02,3.111047465173e-02,5.505562527839e-02,1.673960970254e+01,1.156641634224e+01,2.538708707896e+01
suboff_0000_u0p5_v-0p5_w0p5,8.660254037844e-01,interpolation,all_surface,60,70,200,4.219774407902e-01,2.994905288595e-01,5.641832354814e-01,2.824965363165e-01,2.047083879448e-01,3.735467034355e-01,6.177612376209e-01,3.350225867249e-01,8.126156105161e-01,4.417247048453e-01,3.171247040931e-01,6.041363923214e-01,1.256469166815e+02,4.293166343640e+01,4.854032446182e+02
suboff_0000_u0p5_v-0p5_w0p5,8.660254037844e-01,interpolation,all_surface,80,70,200,2.055703873662e-01,1.225505910944e-01,3.637000762093e-01,1.288261918318e-01,7.703025233722e-02,2.267375599938e-01,9.044246384635e-01,7.235974041067e-01,9.686242234230e-01,2.100342243780e-01,1.251384362005e-01,3.826815236150e-01,8.374001072701e+01,4.140327865447e+01,1.555589221639e+02
suboff_0000_u0p5_v-0p5_w0p5,8.660254037844e-01,interpolation,all_surface,100,70,200,1.334276804504e-01,9.370187796677e-02,1.909614823207e-01,8.177061340049e-02,5.722477063011e-02,1.140474224847e-01,9.612458817035e-01,9.238150614340e-01,9.816574579221e-01,1.354338975879e-01,9.451977767865e-02,1.931014757138e-01,2.881173073103e+01,1.815981772353e+01,4.763547263036e+01
suboff_0000_u0p5_v-0p5_w0p5,8.660254037844e-01,interpolation,all_surface,126,70,200,1.053218790192e-01,8.289331890688e-02,1.461702508593e-01,6.368139378287e-02,4.973857590830e-02,8.300679562825e-02,9.763620287528e-01,9.553634613159e-01,9.856450239330e-01,1.063085504584e-01,8.265839193075e-02,1.420135029972e-01,1.674446063710e+01,1.079888171482e+01,2.612704211167e+01
suboff_0000_u0p5_v-1_w-2,2.291287847478e+00,interpolation,all_surface,60,70,200,4.776827977844e-01,3.232259212999e-01,7.771684571132e-01,3.188095524498e-01,2.153274083259e-01,5.045580799953e-01,6.639819167302e-01,1.676509336830e-01,8.560253737996e-01,5.120569601438e-01,3.424557831243e-01,8.222026931862e-01,1.408091974667e+02,4.293013846943e+01,3.395937004844e+02
suboff_0000_u0p5_v-1_w-2,2.291287847478e+00,interpolation,all_surface,80,70,200,4.627123424325e-01,2.726847019608e-01,7.968709663848e-01,2.891861036940e-01,1.697195463374e-01,4.973335490666e-01,6.770957046188e-01,1.249216709319e-01,8.975298292863e-01,4.854349893827e-01,2.872430788875e-01,8.197557091427e-01,8.282165903148e+01,3.940588959840e+01,1.712241491959e+02
suboff_0000_u0p5_v-1_w-2,2.291287847478e+00,interpolation,all_surface,100,70,200,3.048884818313e-01,2.152378002255e-01,5.086799139484e-01,1.869556967268e-01,1.314625970947e-01,3.019069190989e-01,8.636748573589e-01,6.434173444484e-01,9.361577322090e-01,3.177106786991e-01,2.243134635940e-01,5.156816018015e-01,2.917593279217e+01,1.829359605983e+01,4.624946049059e+01
suboff_0000_u0p5_v-1_w-2,2.291287847478e+00,interpolation,all_surface,126,70,200,2.433029539432e-01,1.784285334478e-01,3.351612072609e-01,1.488446523262e-01,1.116737685133e-01,2.065595208300e-01,9.161006845960e-01,8.451960811079e-01,9.561261223395e-01,2.527128326450e-01,1.889369788735e-01,3.433350574049e-01,1.687811162584e+01,1.060066300571e+01,2.416828906424e+01
suboff_0000_u0p5_v0p5_w-0p5,8.660254037844e-01,interpolation,all_surface,60,70,200,7.363009540547e-01,4.539694204823e-01,9.994634713819e-01,4.909749783529e-01,3.051221441192e-01,6.770706115373e-01,7.416657078436e-01,5.401925400308e-01,9.051372731356e-01,3.400741960699e-01,2.087796802918e-01,4.701212872988e-01,1.264789978161e+02,4.141707809357e+01,5.313977329342e+02
suboff_0000_u0p5_v0p5_w-0p5,8.660254037844e-01,interpolation,all_surface,80,70,200,3.004752423369e-01,1.633477926013e-01,6.107788878305e-01,1.901969457437e-01,1.014672024800e-01,3.844556665324e-01,9.518113134750e-01,8.282511961795e-01,9.877165924983e-01,1.366426009067e-01,7.643124872754e-02,2.782684260495e-01,8.417493927199e+01,4.712133162597e+01,1.615490858426e+02
suboff_0000_u0p5_v0p5_w-0p5,8.660254037844e-01,interpolation,all_surface,100,70,200,1.879894758886e-01,1.351994641667e-01,2.936317454580e-01,1.185312371259e-01,8.243025490410e-02,1.839417410054e-01,9.829827633372e-01,9.603130145770e-01,9.915862015289e-01,8.569973245758e-02,6.151565726598e-02,1.328198877435e-01,2.916451803537e+01,1.824366413583e+01,4.480092989235e+01
suboff_0000_u0p5_v0p5_w-0p5,8.660254037844e-01,interpolation,all_surface,126,70,200,1.472339235734e-01,1.171525058123e-01,2.184686492943e-01,9.136593008063e-02,6.933862591244e-02,1.348250336329e-01,9.896891292691e-01,9.780292288775e-01,9.936824977601e-01,6.736004701423e-02,5.287798843765e-02,9.919925811052e-02,1.712969568565e+01,1.075138404560e+01,2.723838432740e+01
suboff_0000_u0p5_v0p5_w0p5,8.660254037844e-01,interpolation,all_surface,60,70,200,4.122335468691e-01,2.947501125750e-01,5.652349989727e-01,2.771467840734e-01,1.995431824384e-01,3.982322734708e-01,6.355752946462e-01,3.336345029455e-01,8.187986098775e-01,4.299370514971e-01,3.059756052000e-01,5.975428420593e-01,1.358840028687e+02,4.391050328968e+01,5.232940374801e+02
suboff_0000_u0p5_v0p5_w0p5,8.660254037844e-01,interpolation,all_surface,80,70,200,1.965614795013e-01,1.201935549244e-01,3.021756056694e-01,1.243110976236e-01,7.512399526701e-02,1.970077699752e-01,9.142874750682e-01,8.095552274523e-01,9.698690667968e-01,2.004576195262e-01,1.226139328626e-01,3.051892096142e-01,8.437164051729e+01,4.351046135976e+01,1.475813278886e+02
suboff_0000_u0p5_v0p5_w0p5,8.660254037844e-01,interpolation,all_surface,100,70,200,1.294581738078e-01,9.224841233510e-02,1.827043938795e-01,8.063488532686e-02,5.783512826923e-02,1.091292144266e-01,9.638721947799e-01,9.303778193550e-01,9.822512620176e-01,1.315688216268e-01,9.476689798466e-02,1.855396278434e-01,3.028146886838e+01,1.848937116162e+01,5.107193866803e+01
suboff_0000_u0p5_v0p5_w0p5,8.660254037844e-01,interpolation,all_surface,126,70,200,1.024617374102e-01,7.978258669900e-02,1.342499289740e-01,6.288783520137e-02,4.870807021151e-02,8.443979706625e-02,9.775960675187e-01,9.624085338607e-01,9.867240289783e-01,1.033828093715e-01,8.025684722446e-02,1.361646469591e-01,1.691979382956e+01,1.105636444691e+01,2.619576150257e+01
suboff_0000_u0p5_v1_w2,2.291287847478e+00,interpolation,all_surface,60,70,200,5.598100526360e-01,4.098058454277e-01,7.990146761654e-01,3.710611505401e-01,2.634275810836e-01,5.290593429939e-01,5.540255346449e-01,1.221797575385e-01,7.690880958924e-01,4.490939570798e-01,3.315658355682e-01,6.473255358517e-01,1.241735803198e+02,4.406954423350e+01,4.462948416529e+02
suboff_0000_u0p5_v1_w2,2.291287847478e+00,interpolation,all_surface,80,70,200,5.352069405226e-01,3.132333648802e-01,9.528449736138e-01,3.347387491888e-01,1.893107098625e-01,5.800848563169e-01,5.684824920395e-01,-2.484593373966e-01,8.650937369392e-01,4.224804994241e-01,2.454241318974e-01,7.396564853291e-01,8.453449339652e+01,4.456158439743e+01,1.456036367509e+02
suboff_0000_u0p5_v1_w2,2.291287847478e+00,interpolation,all_surface,100,70,200,3.347889648690e-01,2.495954174974e-01,5.032012658595e-01,2.068069119178e-01,1.567848550223e-01,3.028463988393e-01,8.400528693554e-01,6.518314625772e-01,9.143429063802e-01,2.628652939403e-01,1.967846982916e-01,3.840966025299e-01,2.842581492900e+01,1.872071591258e+01,4.202862312457e+01
suboff_0000_u0p5_v1_w2,2.291287847478e+00,interpolation,all_surface,126,70,200,2.680155251148e-01,2.123608850024e-01,3.520337351482e-01,1.647819738641e-01,1.310305784522e-01,2.157229104420e-01,8.991513787566e-01,8.296043014635e-01,9.379918844596e-01,2.086159730710e-01,1.659223593765e-01,2.741476681222e-01,1.657620782841e+01,1.076147029038e+01,2.467375790933e+01
suboff_0000_u1_v-2_w0p5,2.291287847478e+00,interpolation,all_surface,60,70,200,5.819459607319e-01,3.968523131798e-01,7.812153508239e-01,3.941161513563e-01,2.640592557891e-01,5.527565275167e-01,4.086032019198e-01,-2.776090843782e-02,7.347733281062e-01,4.653098039953e-01,3.130112616743e-01,6.364981969995e-01,1.382668189785e+02,4.221916097793e+01,4.468861096933e+02
suboff_0000_u1_v-2_w0p5,2.291287847478e+00,interpolation,all_surface,80,70,200,4.281800952690e-01,2.411012650366e-01,8.268422952166e-01,2.723451493161e-01,1.585222851510e-01,5.190888484052e-01,6.559088994406e-01,-1.513685278821e-01,9.021074868434e-01,3.344090348949e-01,1.930455169189e-01,6.581464526971e-01,8.385289079685e+01,4.096498280458e+01,1.634051870343e+02
suboff_0000_u1_v-2_w0p5,2.291287847478e+00,interpolation,all_surface,100,70,200,2.628193079141e-01,1.820865978674e-01,4.024377865846e-01,1.681220149881e-01,1.169812017974e-01,2.443153340904e-01,8.780693148724e-01,7.272603933094e-01,9.441648610249e-01,2.065043581975e-01,1.459432413558e-01,3.118264372946e-01,2.961485356801e+01,1.765074145996e+01,5.124613442427e+01
suboff_0000_u1_v-2_w0p5,2.291287847478e+00,interpolation,all_surface,126,70,200,2.004096178458e-01,1.575421211111e-01,2.699325741408e-01,1.293806184790e-01,1.029969768609e-01,1.677554977316e-01,9.307941555008e-01,8.772944521085e-01,9.582031196681e-01,1.576963449429e-01,1.261889016883e-01,2.087580451586e-01,1.673291207563e+01,1.073613671190e+01,2.719325275995e+01
suboff_0000_u1_v2_w0p5,2.291287847478e+00,interpolation,all_surface,60,70,200,6.562486014097e-01,4.368788634467e-01,8.597043509475e-01,4.437616027553e-01,2.837688599758e-01,5.892133909893e-01,2.605592512899e-01,-2.344812870455e-01,6.811878023656e-01,4.286376509015e-01,2.798145887582e-01,5.643019667976e-01,1.124824824606e+02,4.384374402354e+01,3.237777690813e+02
suboff_0000_u1_v2_w0p5,2.291287847478e+00,interpolation,all_surface,80,70,200,4.349674466160e-01,2.527710196479e-01,7.631287447688e-01,2.783156787701e-01,1.668297174153e-01,4.626973048641e-01,6.490619304379e-01,2.729824685821e-02,8.932794676429e-01,2.779859678815e-01,1.637519516908e-01,4.758080441548e-01,8.731038152291e+01,4.479806497846e+01,1.610645000854e+02
suboff_0000_u1_v2_w0p5,2.291287847478e+00,interpolation,all_surface,100,70,200,2.621036656563e-01,1.847405802700e-01,3.755826460639e-01,1.676796716910e-01,1.228283628200e-01,2.287156202839e-01,8.815722543178e-01,7.643892607313e-01,9.429955541452e-01,1.675570520565e-01,1.190008818071e-01,2.306602204323e-01,2.933259289053e+01,1.742530890643e+01,5.220263398852e+01
suboff_0000_u1_v2_w0p5,2.291287847478e+00,interpolation,all_surface,126,70,200,2.029343013119e-01,1.596456086652e-01,2.677849316543e-01,1.308597621403e-01,1.037224124262e-01,1.684966549110e-01,9.298452004318e-01,8.802277392860e-01,9.574305725055e-01,1.296262071019e-01,1.024058092882e-01,1.689138255302e-01,1.668673900316e+01,1.057108025622e+01,2.454014122855e+01
suboff_0000_u1p5_v-1p5_w0,2.121320343560e+00,interpolation,all_surface,60,70,200,1.191379751972e+00,8.705590607674e-01,1.586850582491e+00,7.913146284993e-01,5.710681294496e-01,1.045250090505e+00,-1.061842204621e+00,-2.561210267936e+00,-7.183631033892e-02,5.114164645312e-01,3.728971025980e-01,6.742343760915e-01,1.500400546668e+02,4.004224292403e+01,6.567580881762e+02
suboff_0000_u1p5_v-1p5_w0,2.121320343560e+00,interpolation,all_surface,80,70,200,9.954614289915e-01,5.940147960606e-01,1.620748374245e+00,6.285363946551e-01,3.874812985335e-01,1.031937075462e+00,-4.993539055430e-01,-2.714934742774e+00,5.009848228689e-01,4.215760284311e-01,2.575873591220e-01,6.991014550841e-01,8.429237521021e+01,4.355660968536e+01,1.614740735893e+02
suboff_0000_u1p5_v-1p5_w0,2.121320343560e+00,interpolation,all_surface,100,70,200,6.653667768002e-01,4.717579480982e-01,9.842634352587e-01,4.168905127300e-01,3.102801207578e-01,5.847360096767e-01,3.510965036755e-01,-3.700727017070e-01,6.852560507752e-01,2.804331750625e-01,2.007523546720e-01,4.070773508742e-01,2.984653779905e+01,1.806427495586e+01,5.220177002396e+01
suboff_0000_u1p5_v-1p5_w0,2.121320343560e+00,interpolation,all_surface,126,70,200,5.120659354415e-01,4.183768943398e-01,6.316091329502e-01,3.240739734482e-01,2.704137211016e-01,3.943062282476e-01,6.239816067266e-01,4.358027036875e-01,7.524549989417e-01,2.161733242098e-01,1.788645327241e-01,2.732407656781e-01,1.692766095542e+01,1.039549791323e+01,2.648521164209e+01
suboff_0000_u1p5_v0_w-1p5,2.121320343560e+00,interpolation,all_surface,60,70,200,2.470780632915e+00,1.777922853903e+00,3.494205935889e+00,1.676372158202e+00,1.196602744040e+00,2.374354977295e+00,-5.198968205234e-01,-1.943831826742e+00,2.378466878746e-01,4.864204909797e-01,3.441038350163e-01,6.797118145346e-01,1.411553493847e+02,4.025042632445e+01,4.184044814354e+02
suboff_0000_u1p5_v0_w-1p5,2.121320343560e+00,interpolation,all_surface,80,70,200,2.229636736922e+00,1.365494744133e+00,3.779062477859e+00,1.412212100921e+00,8.858859465920e-01,2.271403933731e+00,-3.061884921659e-01,-2.443485166757e+00,5.504337867961e-01,4.289457056128e-01,2.710988012230e-01,7.304373114372e-01,8.511898132912e+01,4.264269323809e+01,1.626699045353e+02
suboff_0000_u1p5_v0_w-1p5,2.121320343560e+00,interpolation,all_surface,100,70,200,1.410700312137e+00,1.011595187236e+00,2.031336318321e+00,8.885674770712e-01,6.511684930312e-01,1.260169648517e+00,5.024466706822e-01,5.100023374726e-03,7.532668902942e-01,2.704153971177e-01,1.933028687548e-01,3.884320957112e-01,2.950793260579e+01,1.743429093801e+01,4.764893700857e+01
suboff_0000_u1p5_v0_w-1p5,2.121320343560e+00,interpolation,all_surface,126,70,200,1.061124264586e+00,8.581894280951e-01,1.328458492636e+00,6.826315583948e-01,5.608988090277e-01,8.233417502330e-01,7.245017819942e-01,5.744839506658e-01,8.224254320741e-01,2.040869081839e-01,1.655581278214e-01,2.527069757925e-01,1.667950235438e+01,1.110526581397e+01,2.648667676352e+01
suboff_0000_u1p5_v0_w0,1.500000000000e+00,interpolation,all_surface,60,70,200,1.747273600802e+00,1.073918394442e+00,2.281943048045e+00,1.151176110850e+00,6.942660294330e-01,1.568244699093e+00,-8.878207806114e+01,-1.471174431687e+02,-3.181018701537e+01,3.568339140016e-01,2.194162439403e-01,4.721506187792e-01,1.501692979582e+02,4.815350831525e+01,4.197484786389e+02
suboff_0000_u1p5_v0_w0,1.500000000000e+00,interpolation,all_surface,80,70,200,4.077116655536e-01,2.689229094909e-01,6.994867966114e-01,2.431901383228e-01,1.583651257741e-01,4.068283438723e-01,-4.121253316636e+00,-1.292028332096e+01,-1.057103638933e+00,8.038991896721e-02,5.315845973340e-02,1.433196079135e-01,9.382058350904e+01,4.581720640181e+01,1.603982137250e+02
suboff_0000_u1p5_v0_w0,1.500000000000e+00,interpolation,all_surface,100,70,200,2.775135528242e-01,1.950400578648e-01,3.957930104584e-01,1.611884098670e-01,1.199026556411e-01,2.214161878945e-01,-1.267300693832e+00,-3.455909756587e+00,-8.204261783354e-02,5.401956318940e-02,3.847673207188e-02,7.738616871971e-02,3.219556018352e+01,1.985310873426e+01,5.414380731495e+01
suboff_0000_u1p5_v0_w0,1.500000000000e+00,interpolation,all_surface,126,70,200,2.290007863259e-01,1.703704465618e-01,3.073899702952e-01,1.333058501933e-01,1.036143273316e-01,1.756240081009e-01,-5.235977450557e-01,-1.687684428092e+00,1.743682319367e-01,4.431708241458e-02,3.381372395846e-02,5.961521814753e-02,1.885618967891e+01,1.215308959788e+01,3.233195799219e+01
suboff_0000_u1p5_v0_w1p5,2.121320343560e+00,interpolation,all_surface,60,70,200,5.503439474775e-01,3.742588398273e-01,8.880183774952e-01,3.670950906018e-01,2.487096580461e-01,6.162751232138e-01,-1.787648771488e-01,-1.908584684211e+00,4.833594483818e-01,7.857936624609e-01,5.384649084340e-01,1.270788487194e+00,1.354682181660e+02,4.129089326888e+01,5.503108674005e+02
suboff_0000_u1p5_v0_w1p5,2.121320343560e+00,interpolation,all_surface,80,70,200,5.963401186930e-01,3.409081795458e-01,9.419535596806e-01,3.771611621509e-01,2.188461224518e-01,6.082042061698e-01,-4.195457455349e-01,-2.272682895906e+00,5.713417599634e-01,8.437375676250e-01,4.847434365343e-01,1.366094054871e+00,8.584342725571e+01,4.442710598803e+01,1.546279265804e+02
suboff_0000_u1p5_v0_w1p5,2.121320343560e+00,interpolation,all_surface,100,70,200,3.634343050595e-01,2.606349337884e-01,5.315632340748e-01,2.310285476848e-01,1.718708072012e-01,3.210443830415e-01,4.957650069763e-01,-4.219457160046e-02,7.494457880586e-01,5.120218648082e-01,3.759162007660e-01,7.410740851209e-01,2.926716945762e+01,1.750834693889e+01,4.780101702446e+01
suboff_0000_u1p5_v0_w1p5,2.121320343560e+00,interpolation,all_surface,126,70,200,2.840715142390e-01,2.190850974322e-01,3.934128603311e-01,1.806450324090e-01,1.418801943955e-01,2.331750520600e-01,6.960436159113e-01,4.291265005751e-01,8.229604890143e-01,4.008021925432e-01,3.159813730255e-01,5.466499299020e-01,1.725585306413e+01,1.120024143746e+01,2.606448044539e+01
suboff_0000_u1p5_v1p5_w0,2.121320343560e+00,interpolation,all_surface,60,70,200,1.497527382296e+00,1.082731944035e+00,2.007403080315e+00,9.951696815801e-01,6.827788878783e-01,1.290142567683e+00,-2.249663294688e+00,-4.701380609397e+00,-6.586500986113e-01,4.608663018599e-01,3.217929919264e-01,6.203927537311e-01,1.260594509616e+02,3.989876910583e+01,3.735956102957e+02
suboff_0000_u1p5_v1p5_w0,2.121320343560e+00,interpolation,all_surface,80,70,200,1.067816439700e+00,6.976377040681e-01,1.770462941744e+00,6.718562587592e-01,4.488629167417e-01,1.112937732453e+00,-7.292895854937e-01,-3.434896601094e+00,3.113110133738e-01,3.220548095863e-01,2.067892788892e-01,5.441411233017e-01,8.495935262955e+01,4.171112500731e+01,1.515264885133e+02
suboff_0000_u1p5_v1p5_w0,2.121320343560e+00,interpolation,all_surface,100,70,200,6.729827003196e-01,4.950367539062e-01,9.493222470393e-01,4.242460859703e-01,3.220689000003e-01,5.860609190927e-01,3.382056486075e-01,-2.750887705053e-01,6.532756477388e-01,2.026813779225e-01,1.501487699254e-01,2.812361336543e-01,2.837136979495e+01,1.752921569182e+01,4.323754229950e+01
suboff_0000_u1p5_v1p5_w0,2.121320343560e+00,interpolation,all_surface,126,70,200,5.401815604693e-01,4.167454340480e-01,6.775379393332e-01,3.386598072855e-01,2.820350677956e-01,4.134619487160e-01,5.797976491787e-01,3.504850359214e-01,7.542737377263e-01,1.623548591648e-01,1.298903124775e-01,2.048316418020e-01,1.745754858759e+01,1.146704313591e+01,2.616719251954e+01
suboff_0000_u2_v-1_w0p5,2.291287847478e+00,interpolation,all_surface,60,70,200,9.796691587015e-01,6.450420420942e-01,1.266926969791e+00,6.392798064972e-01,4.158912783865e-01,8.736779624134e-01,-1.021240566038e+01,-1.722792993188e+01,-3.725105758301e+00,3.858965997270e-01,2.499877723554e-01,5.067098789502e-01,1.389590100260e+02,4.931840730382e+01,4.557830393788e+02
suboff_0000_u2_v-1_w0p5,2.291287847478e+00,interpolation,all_surface,80,70,200,4.367279843941e-01,2.719995698491e-01,6.778058802160e-01,2.585679765454e-01,1.675785474094e-01,3.903767628628e-01,-1.294213573807e+00,-4.217562657487e+00,1.598233587860e-01,1.655420022615e-01,1.049815309201e-01,2.512946510201e-01,9.502800969365e+01,5.002466339599e+01,1.629999439065e+02
suboff_0000_u2_v-1_w0p5,2.291287847478e+00,interpolation,all_surface,100,70,200,2.978844839883e-01,2.183356739269e-01,4.232931784052e-01,1.737525601819e-01,1.289197940716e-01,2.328162298395e-01,-3.890858501909e-02,-1.034780837925e+00,4.586431919192e-01,1.118535028286e-01,8.238455943320e-02,1.570207190075e-01,3.336741687793e+01,1.834801080242e+01,5.931463569909e+01
suboff_0000_u2_v-1_w0p5,2.291287847478e+00,interpolation,all_surface,126,70,200,2.421488254894e-01,1.962002732392e-01,3.095343152889e-01,1.417014282209e-01,1.149312128652e-01,1.740419578346e-01,3.229246630704e-01,-8.805731604174e-02,5.628457883966e-01,9.028453756014e-02,7.423929356237e-02,1.139264799710e-01,1.998051862142e+01,1.207177163760e+01,3.384600097702e+01
suboff_0000_u2_v1_w0p5,2.291287847478e+00,interpolation,all_surface,60,70,200,1.253445420353e+00,8.992564119028e-01,1.603487187070e+00,8.237614829894e-01,5.540267535674e-01,1.092311463013e+00,-1.688997663615e+01,-2.762512908320e+01,-8.003635197638e+00,3.730857721803e-01,2.609915240710e-01,4.829934977994e-01,1.359382764203e+02,4.966088229529e+01,4.201935793876e+02
suboff_0000_u2_v1_w0p5,2.291287847478e+00,interpolation,all_surface,80,70,200,4.589198065780e-01,3.071993246919e-01,7.496957634599e-01,2.734994534536e-01,1.864880382888e-01,4.426400154815e-01,-1.524231592990e+00,-5.258408848678e+00,-5.064841898720e-02,1.318707021848e-01,8.872946377952e-02,2.220661714377e-01,9.601890778079e+01,4.737224232046e+01,1.805601311191e+02
suboff_0000_u2_v1_w0p5,2.291287847478e+00,interpolation,all_surface,100,70,200,3.093123616314e-01,2.190989156949e-01,4.270862461210e-01,1.821296803416e-01,1.332274921182e-01,2.408483797065e-01,-9.805865135888e-02,-1.030708159700e+00,4.655598584915e-01,8.819181548915e-02,6.227306628214e-02,1.203791085703e-01,3.321610772918e+01,1.944510687804e+01,5.595333636602e+01
suboff_0000_u2_v1_w0p5,2.291287847478e+00,interpolation,all_surface,126,70,200,2.452353293788e-01,1.954528289271e-01,3.188737580155e-01,1.444673514709e-01,1.178133068654e-01,1.810639030608e-01,3.184425979995e-01,-1.320195495836e-01,5.746952148994e-01,6.941251709574e-02,5.531579278928e-02,8.959475235402e-02,1.952303944595e+01,1.265005041935e+01,3.152052650463e+01
suboff_0000_u2p5_v0_w0,2.500000000000e+00,interpolation,all_surface,60,70,200,1.760836842491e+00,1.065486282994e+00,2.226575461405e+00,1.157140125889e+00,6.735180586765e-01,1.508872221241e+00,-7.473074229755e+01,-1.167173394617e+02,-2.595587972022e+01,3.601584139901e-01,2.170675073051e-01,4.648418606307e-01,1.521277950032e+02,4.313144940228e+01,5.060813326770e+02
suboff_0000_u2p5_v0_w0,2.500000000000e+00,interpolation,all_surface,80,70,200,4.253902687791e-01,2.574531430215e-01,7.004995577129e-01,2.569864883621e-01,1.542817900576e-01,4.204225759280e-01,-3.624707519819e+00,-1.065130863096e+01,-5.738379924540e-01,8.430737927536e-02,5.022207084536e-02,1.392630072054e-01,9.726475961748e+01,4.877714380303e+01,1.827628580421e+02
suboff_0000_u2p5_v0_w0,2.500000000000e+00,interpolation,all_surface,100,70,200,2.767313190856e-01,1.973810129319e-01,4.023393448704e-01,1.626264100376e-01,1.184130201527e-01,2.358795256207e-01,-8.820808559899e-01,-2.843641505798e+00,7.494139814895e-02,5.423066590399e-02,3.889202760788e-02,7.904291317602e-02,3.298690734522e+01,1.989075837196e+01,5.032366824179e+01
suboff_0000_u2p5_v0_w0,2.500000000000e+00,interpolation,all_surface,126,70,200,2.327367987059e-01,1.819918035558e-01,3.172290558288e-01,1.358112149629e-01,1.076666128614e-01,1.778328246440e-01,-3.131267509453e-01,-1.389481138563e+00,2.135676713129e-01,4.508505244605e-02,3.541501791809e-02,6.133819702172e-02,1.956779991034e+01,1.243066702320e+01,3.506195735585e+01
suboff_0000_u3p5_v0_w0,3.500000000000e+00,extrapolation,all_surface,60,70,200,3.425114441900e-01,2.378349995792e-01,4.470722112160e-01,2.187893086625e-01,1.500301308520e-01,2.819536814358e-01,-1.892890979334e+00,-3.812803415951e+00,-3.620579473210e-01,3.335405483685e-01,2.302368411821e-01,4.293541846492e-01,1.352485432499e+02,5.093140278872e+01,3.950689730116e+02
suboff_0000_u3p5_v0_w0,3.500000000000e+00,extrapolation,all_surface,80,70,200,1.310260702053e-01,7.951382969357e-02,2.275877640185e-01,7.805300104920e-02,4.977485735167e-02,1.307132091303e-01,5.582399510767e-01,-2.472210038977e-01,8.477597017388e-01,1.251671876852e-01,7.816437982237e-02,2.164809957819e-01,9.424771179806e+01,4.456462563966e+01,1.705987708703e+02
suboff_0000_u3p5_v0_w0,3.500000000000e+00,extrapolation,all_surface,100,70,200,8.536691356006e-02,6.450584521436e-02,1.185845626705e-01,5.035864790204e-02,4.001321730645e-02,6.604429984743e-02,8.194960783979e-01,6.613896883171e-01,8.998060934743e-01,8.056115608150e-02,6.205293909454e-02,1.131178761493e-01,3.210599368352e+01,1.971713747876e+01,5.288361091187e+01
suboff_0000_u3p5_v0_w0,3.500000000000e+00,extrapolation,all_surface,126,70,200,6.857892411305e-02,5.353270752208e-02,9.015958539565e-02,4.025455488163e-02,3.353705884297e-02,4.919016183571e-02,8.846246970589e-01,8.042656802128e-01,9.309949090439e-01,6.426080681517e-02,5.092504483488e-02,8.263580839041e-02,1.923174997671e+01,1.211677863782e+01,3.231180947272e+01
suboff_0000_u3p5_v1_w0,3.640054944640e+00,extrapolation,all_surface,60,70,200,5.653551120272e-01,3.926592264617e-01,7.576732730078e-01,3.640917746648e-01,2.362827512623e-01,4.980373264397e-01,-2.742397092479e+00,-5.539440660960e+00,-7.564277015714e-01,3.502336648168e-01,2.347808621407e-01,4.660712701931e-01,1.378358450455e+02,4.548372190332e+01,3.489665508186e+02
suboff_0000_u3p5_v1_w0,3.640054944640e+00,extrapolation,all_surface,80,70,200,2.556560221533e-01,1.689343576267e-01,4.077298272088e-01,1.468769793222e-01,9.052995944548e-02,2.413504960864e-01,2.050988261128e-01,-8.937397457957e-01,6.749031534286e-01,1.507658070759e-01,9.664406111951e-02,2.454285649304e-01,9.719641957095e+01,4.721067839808e+01,1.984627566341e+02
suboff_0000_u3p5_v1_w0,3.640054944640e+00,extrapolation,all_surface,100,70,200,1.871684097993e-01,1.399826832102e-01,2.675125991530e-01,1.019597604076e-01,7.109379097795e-02,1.525977561329e-01,5.875198308807e-01,1.848027289224e-01,7.767852363403e-01,1.071022888774e-01,7.677919936000e-02,1.585675097811e-01,3.266548737574e+01,2.064373009694e+01,5.493762787352e+01
suboff_0000_u3p5_v1_w0,3.640054944640e+00,extrapolation,all_surface,126,70,200,1.614345440520e-01,1.280332709481e-01,2.098888247779e-01,8.517833574627e-02,6.395144761110e-02,1.172065506608e-01,6.974606365428e-01,4.981738168719e-01,8.132674962319e-01,8.998169066893e-02,6.892534326882e-02,1.228551267004e-01,1.936123293025e+01,1.173546930465e+01,3.043045431067e+01
